考區,申請系所,FCU,FCU_AM
國立中興高中,"逢甲大學應用數學系
東海大學應用數學系",0,0
國立虎尾高中,"逢甲大學應用數學系
中原大學應用數學系
東海大學統計學系(自然組)
逢甲大學環境工程與科學學系",1,0
高雄市立左營高中,"逢甲大學應用數學系
靜宜大學生態人文學系-類繁星
靜宜大學化粧品科學系-類繁星
長榮大學保健營養學系",0,0
國立台南二中,"逢甲大學應用數學系
逢甲大學統計學系",1,1
國立臺中二中,"逢甲大學應用數學系
東吳大學數學系
逢甲大學統計學系
逢甲大學資訊電機學院不分系榮譽班
靜宜大學財務與計算數學系計算數學組
國立臺中教育大學數學教育學系",1,1
國立中央大學附屬中壢高中,"逢甲大學應用數學系
東海大學食品科學系
淡江大學數學學系數學組",0,0
國立中央大學附屬中壢高中,"逢甲大學應用數學系
中原大學應用數學系
逢甲大學材料科學與工程學系
銘傳大學資訊工程學系(桃園校區)",1,0
國立基隆女中,"逢甲大學應用數學系
中原大學應用數學系
國立宜蘭大學應用經濟與管理學系",0,0
高雄市立中正高中,逢甲大學應用數學系,1,1
國立虎尾高中,"逢甲大學應用數學系
義守大學化學工程學系",1,1
國立澎湖科技大學,"逢甲大學應用數學系
國立臺灣師範大學生命科學系
國立澎湖科技大學電信工程系
國立澎湖科技大學資訊工程系
國立勤益科技大學冷凍空調與能源系",1,1
國立斗六高中,"逢甲大學應用數學系
淡江大學資訊與圖書館學系
靜宜大學應用化學系
銘傳大學醫療資訊與管理學系健康產業管理組(桃園校區)",0,0
國立中興大學附中,"逢甲大學應用數學系
東海大學化學工程與材料工程學系(生化工程組)
東海大學統計學系(決策管理組)
逢甲大學機械與電腦輔助工程學系
靜宜大學資料科學暨大數據分析與應用學系-類繁星
國立勤益科技大學冷凍空調與能源系",0,0
私立復旦高中,"逢甲大學應用數學系
東吳大學數學系
淡江大學數學學系數學組
靜宜大學財務與計算數學系計算數學組
銘傳大學資訊工程學系(桃園校區)",0,0
國立屏東女中,"逢甲大學應用數學系
淡江大學統計學系
逢甲大學通訊工程學系
靜宜大學資訊工程學系
義守大學資訊工程學系
朝陽科技大學保險金融管理系",1,1
新北市立新莊國中,"中原大學應用數學系
中國文化大學應用數學系",1,1
國立臺中一中,"逢甲大學應用數學系
逢甲大學纖維與複合材料學系
逢甲大學精密系統設計學士學位學程
弘光科技大學資訊管理系
中臺科技大學護理系
中臺科技大學視光系",1,0
國立嘉義女中,"逢甲大學應用數學系
東吳大學財務工程與精算數學系
東海大學應用物理學系光電組
國立金門大學土木與工程管理學系
嘉南藥理大學保健營養系",0,0
國立清水高中,"逢甲大學應用數學系
東海大學應用數學系
國立嘉義大學應用數學系",0,0
國立臺南一中,逢甲大學應用數學系,1,1
高雄市立中山高中,"逢甲大學應用數學系
中原大學應用數學系
逢甲大學資訊工程學系
義守大學資訊工程學系",1,0
高雄市立中山高中,"逢甲大學應用數學系
東海大學統計學系(大數據與資料科學組)
東海大學統計學系(大數據與決策管理組)
淡江大學數學學系資料科學與數理統計組
國立東華大學應用數學系統計科學組",0,0
臺中市立文華高中,"逢甲大學應用數學系
東海大學應用數學系
逢甲大學航太與系統工程學系
逢甲大學財務工程與精算學士學位學程
國立臺中教育大學數學教育學系",1,0
國立虎尾高中,"逢甲大學應用數學系
東海大學統計學系(自然組)
東海大學統計學系(社會組)",0,0
私立新民高中,"逢甲大學應用數學系
逢甲大學通訊工程學系
逢甲大學財務金融學系",1,1
私立明德高中,"逢甲大學應用數學系
中原大學應用數學系
中原大學物理學系物理組
淡江大學物理學系應用物理組",1,1
高雄市立中山高中,"逢甲大學應用數學系
東海大學應用數學系
東海大學統計學系(大數據與資料科學組)
逢甲大學統計學系
國立屏東大學應用數學系",0,0
桃園市立平鎮高中,"逢甲大學應用數學系
東吳大學數學系
中原大學應用數學系
淡江大學數學學系數學組
銘傳大學資訊工程學系(桃園校區)",0,0
國立新竹女中,"逢甲大學應用數學系
東海大學應用數學系
逢甲大學光電學系
逢甲大學通訊工程學系",1,1
國立中興大學附中,"逢甲大學應用數學系
東海大學應用數學系
逢甲大學水利工程與資源保育學系",0,0
新竹市立建功高中,"逢甲大學應用數學系
中原大學應用數學系
逢甲大學統計學系
靜宜大學統計資訊學系",1,1
國立中興大學附中,"逢甲大學應用數學系
淡江大學數學學系資料科學與數理統計組
長庚科技大學護理系(林口校區)",1,1
國立鳳新高中,"逢甲大學應用數學系
東吳大學數學系
東吳大學財務工程與精算數學系
淡江大學會計學系
逢甲大學財稅學系
銘傳大學會計學系稅務規劃組(臺北校區)",1,0
私立長榮高中,"逢甲大學應用數學系
國立臺東大學應用數學系
義守大學財務與計算數學系",1,1
國立竹北高中,"逢甲大學應用數學系
東海大學應用物理學系
中國文化大學光電物理學系
中國文化大學資訊工程學系
輔仁大學物理學系物理組",0,0
私立育達高中,"逢甲大學應用數學系
中原大學應用數學系
東海大學統計學系(自然組)
淡江大學數學學系資料科學與數理統計組
逢甲大學統計學系
輔仁大學數學系應用數學組
龍華科技大學國際企業系
明志科技大學環境與安全衛生工程系",0,0
國立臺中二中,"逢甲大學應用數學系
淡江大學數學學系資料科學與數理統計組
開南大學應用日語學系
亞洲大學健康產業管理學系健康產業管理組
亞洲大學視光學系
中臺科技大學視光系
中臺科技大學醫療暨健康產業管理系
中臺科技大學醫學影像暨放射科學系",0,0
國立陽明高中,"逢甲大學應用數學系
中國文化大學應用數學系
銘傳大學會計學系(臺北校區)
實踐大學會計學系(臺北校區)",1,1
國立武陵高中,"逢甲大學應用數學系
逢甲大學環境工程與科學學系
逢甲大學水利工程與資源保育學系
中國文化大學光電物理學系
中國文化大學機械工程學系",1,1
國立斗六高中,"逢甲大學應用數學系
靜宜大學財務金融學系
台南應用科技大學旅館管理系",0,0
私立弘文高中,"逢甲大學應用數學系
逢甲大學工業工程與系統管理學系",1,1
國立臺南一中,"逢甲大學應用數學系
東海大學化學工程與材料工程學系
靜宜大學統計資訊學系(工業工程統計組)
正修科技大學企業管理系經營管理組
樹德科技大學電腦與通訊系
南臺科技大學化學工程與材料工程系
朝陽科技大學資訊與通訊系",1,1
國立中興大學附屬高中,"逢甲大學應用數學系
東海大學應用物理學系材料及奈米科技組
東海大學應用物理學系光電組
逢甲大學光電學系
逢甲大學自動控制工程學系
逢甲大學水利工程與資源保育學系",1,0
國立台中一中,"逢甲大學應用數學系
東海大學統計學系(自然組)
逢甲大學統計學系
靜宜大學財務與計算數學系計算數學組-類繁星",1,1
私立道明高中,"逢甲大學應用數學系
銘傳大學商品設計學系(桃園校區)",1,1
國立嘉義高中,"逢甲大學應用數學系
淡江大學統計學系
逢甲大學統計學系
亞洲大學會計與資訊學系管理應用組
朝陽科技大學資訊工程系
南臺科技大學生物科技系
明志科技大學工業工程與管理系",1,0
國立彰化師大附屬高工,"逢甲大學應用數學系
淡江大學數學學系資料科學與數理統計組
中國文化大學應用數學系
中國文化大學心理輔導學系",0,0
國立臺南二中,"逢甲大學應用數學系
東海大學統計學系(決策管理組)
靜宜大學資料科學暨大數據分析與應用學系-一般組
靜宜大學會計學系-一般組
朝陽科技大學財務金融系
嶺東科技大學國際企業系
嶺東科技大學財務金融系",1,1
國立嘉義女中,"逢甲大學應用數學系
東海大學應用數學系
國立虎尾科技大學材料科學與工程系",1,1
逢甲大學,"逢甲大學應用數學系
國立屏東教育大學應用數學系
義守大學醫學影像暨放射科學系
國立澎湖科技大學食品科學系
嘉南藥理科技大學醫藥化學系
弘光科技大學護理系
明志科技大學材料工程系
中臺科技大學護理系",0,0
國立屏東大學民生校區,"逢甲大學應用數學系
國立屏東大學電腦與智慧型機器人學士學位學程
國立臺東大學資訊工程學系
亞洲大學資訊工程學系數位內容與遊戲設計組",0,0
國立高雄師大附中,"逢甲大學應用數學系
國立聯合大學化學工程學系
國立高雄科技大學輪機工程系(旗津校區)",1,1
新北市立新北高中,"逢甲大學應用數學系
東海大學應用數學系
國立東華大學應用數學系數學科學組
國立屏東大學應用數學系",0,0
國立新竹高中,"逢甲大學應用數學系
東海大學統計學系(自然組)
國立嘉義大學體育與健康休閒學系",1,1
國立臺中文華高中,"逢甲大學應用數學系
逢甲大學電機工程學系
逢甲大學資訊電機學院不分系榮譽班
逢甲大學通訊工程學系
元智大學通訊工程學系",1,0
新北市立新北高中,"逢甲大學應用數學系
國立臺東大學應用數學系
銘傳大學風險管理與保險學系(台北校區)
銘傳大學經濟學系(桃園校區)",0,0
國立臺南女中,"逢甲大學應用數學系
中原大學應用數學系
國立臺東大學數學系",0,0
國立臺東高中,"逢甲大學應用數學系
中原大學應用數學系
靜宜大學生態人文學系
逢甲大學水利工程與資源保育學系
靜宜大學資訊工程學系",1,0
國立嘉義女中,"逢甲大學應用數學系
東海大學應用數學系
靜宜大學會計學系
靜宜大學財務金融學系
銘傳大學會計學系(台北校區)",1,1
高雄市立左營高中,逢甲大學應用數學系,1,1
國立中壢高商,"逢甲大學應用數學系
輔仁大學物理學系物理組",0,0
國立中興大學附中,"逢甲大學應用數學系
東海大學應用數學系",1,1
國立文華高中,"逢甲大學應用數學系
逢甲大學資訊工程學系",1,0
私立長榮高中,"逢甲大學應用數學系
東海大學應用數學系
南臺科技大學電機工程系控制與晶片組",1,1
國立中興高中,"逢甲大學應用數學系
中國文化大學機械工程學系
中華大學土木工程學系
義守大學電子工程學系",1,1
逢甲大學,"逢甲大學應用數學系
中國文化大學應用數學系
靜宜大學財務與計算數學系財務工程組
朝陽科技大學保險金融管理系
德明財經科技大學財務金融系
僑光科技大學行銷與流通管理系",1,1
私立光隆家商,"逢甲大學應用數學系
實踐大學風險管理與保險學系(臺北校區)",1,1
靜宜大學,"逢甲大學應用數學系
靜宜大學財務金融學系-一般組
國立屏東大學商業自動化與管理學系",1,1
臺中市立惠文高中,"逢甲大學應用數學系
淡江大學統計學系
逢甲大學工業工程與系統管理學系
中國文化大學應用數學系
靜宜大學資訊傳播工程學系-類繁星",1,0
高雄市立左營高中,"逢甲大學應用數學系
逢甲大學化學工程學系
逢甲大學經濟學系
國立屏東教育大學應用化學系
國立屏東教育大學應用數學系",0,0
私立道明高中,"逢甲大學應用數學系
國立勤益科技大學冷凍空調與能源系
美和科技大學護理系",1,1
國立虎尾高中,逢甲大學應用數學系,1,1
國立新竹女中,"逢甲大學應用數學系
逢甲大學統計學系
靜宜大學統計資訊學系-類繁星
銘傳大學應用統計資訊學系(桃園校區)",1,0
國立文華高中,"逢甲大學應用數學系
中原大學企業管理學系
逢甲大學企業管理學系
靜宜大學企業管理學系",1,0
國立屏東女中,"逢甲大學應用數學系
中國文化大學大氣科學系
中國文化大學地質學系",1,1
靜宜大學,"逢甲大學應用數學系
東海大學應用物理學系光電組
逢甲大學光電學系
逢甲大學通訊工程學系
逢甲大學水利工程與資源保育學系
亞洲大學光電與通訊學系通訊網路組",1,0
新竹市立建功高中,"逢甲大學應用數學系
淡江大學數學學系數學組
中華大學資訊工程學系資訊工程組",1,1
臺中市立文華高中,"逢甲大學應用數學系
中原大學應用數學系",0,0
國立中興大學附中,"逢甲大學應用數學系
東海大學統計學系(大數據與決策管理組)
逢甲大學環境工程與科學學系
亞洲大學行動商務與多媒體應用學系多媒體應用組
國立勤益科技大學資訊工程系",1,0
國立台中女中,"逢甲大學應用數學系
逢甲大學自動控制工程學系
靜宜大學資訊管理學系
靜宜大學資訊工程學系",1,1
國立員林高中,"逢甲大學應用數學系
靜宜大學資訊工程學系
世新大學資訊管理學系資訊科技組
亞洲大學資訊工程學系資電應用組",1,1
國立彰化師範大學,"逢甲大學應用數學系
逢甲大學通訊工程學系
義守大學資訊工程學系
嘉南藥理大學化粧品應用與管理系
中臺科技大學食品科技系
臺北城市科技大學化妝品應用與管理系",1,1
國立陽明高中,"逢甲大學應用數學系
中原大學物理學系物理組
逢甲大學機械與電腦輔助工程學系
中國文化大學機械工程學系
明新科技大學機械工程系",1,0
國立虎尾高中,"逢甲大學應用數學系
東吳大學數學系
中原大學應用數學系
中國文化大學應用數學系
中國文化大學動物科學系
朝陽科技大學應用化學系",1,1
國立斗六高中,"逢甲大學應用數學系
中原大學應用數學系",0,0
新北市立錦和高中,"逢甲大學應用數學系
國立臺東大學數學系",1,1
私立明德中學,"逢甲大學應用數學系
逢甲大學資訊工程學系
逢甲大學資訊電機學院不分系榮譽班",1,0
臺中市立臺中一中,"逢甲大學應用數學系
東海大學統計學系(巨量資料管理組)
逢甲大學工業工程與系統管理學系
逢甲大學自動控制工程學系
逢甲大學土木工程學系",1,0
新北市立永平高中,逢甲大學應用數學系,1,1
國立屏東女中,"逢甲大學應用數學系
東海大學統計學系(社會組)
逢甲大學統計學系
逢甲大學財務工程與精算學士學位學程
嘉南藥理大學食品科技系",1,0
私立明德高中,"逢甲大學應用數學系
中原大學應用數學系
東海大學應用數學系
淡江大學數學學系數學組
中國文化大學應用數學系
國立臺東大學應用數學系",1,1
新北市立三民高中,"逢甲大學應用數學系
東吳大學數學系
國立東華大學應用數學系數學科學組
實踐大學資訊科技與管理學系(臺北校區)",0,0
臺中市立臺中二中,"逢甲大學應用數學系
東吳大學數學系
淡江大學土木工程學系
逢甲大學土木工程學系",1,0
私立弘文高中,"逢甲大學應用數學系
靜宜大學財務與計算數學系財務工程組-類繁星
長榮大學企業管理學系
朝陽科技大學財務金融系
中國科技大學企業管理系(新竹校區)",1,1
國立陽明高中,"逢甲大學應用數學系
國立宜蘭大學電子工程學系
國立聯合大學能源工程學系
國立金門大學建築學系
國立勤益科技大學資訊工程系",0,0
高雄市立左營高中,"逢甲大學應用數學系
東海大學應用數學系
逢甲大學統計學系商業大數據組
逢甲大學統計學系大數據分析與市場決策組
銘傳大學應用統計與資料科學學系大數據管理組(桃園校區)",1,1
國立中興高中,"逢甲大學應用數學系
東吳大學數學系
中原大學應用數學系
淡江大學數學學系數學組
輔仁大學數學系應用數學組",1,1
國立雲林科技大學,"逢甲大學應用數學系
逢甲大學光電學系
逢甲大學通訊工程學系",1,0
國立陽明高中,"逢甲大學應用數學系
東吳大學數學系
中原大學應用數學系
淡江大學數學學系資料科學與數理統計組
輔仁大學數學系應用數學組
國立東華大學應用數學系統計科學組",1,1
私立明德中學,"逢甲大學應用數學系
靜宜大學會計學系",1,1
國立彰化師範大學,"逢甲大學應用數學系
中原大學應用數學系
淡江大學數學學系數學組
靜宜大學財務工程學系
國立臺東大學應用數學系",0,0
國立苗栗高中,"逢甲大學應用數學系
中原大學應用數學系
東海大學應用數學系
臺北市立大學數學系",1,1
新北市立新莊國中,"逢甲大學應用數學系
逢甲大學光電學系
中國文化大學光電物理學系
中國文化大學機械工程學系",1,1
國立竹北高中,"逢甲大學應用數學系
中原大學工業與系統工程學系管理組
中國文化大學經濟學系
靜宜大學觀光事業學系
國立聯合大學電子工程學系
朝陽科技大學工業工程與管理系
明新科技大學老人服務事業管理系",1,1
私立明德高中,"逢甲大學應用數學系
東海大學化學系化學生物組
逢甲大學光電學系
靜宜大學財務與計算數學系計算數學組
國立金門大學電子工程學系",1,0
高雄市立中山高中,"逢甲大學應用數學系
逢甲大學光電學系
元智大學工業工程與管理學系
中華大學工業管理學系",1,1
高雄市立中山高中,逢甲大學應用數學系,1,1
臺中市立惠文高中,"逢甲大學應用數學系
東海大學應用數學系
逢甲大學航太與系統工程學系",1,0
國立苗栗高中,"逢甲大學應用數學系
中原大學應用數學系
靜宜大學資訊工程學系",0,0
國立台南二中,逢甲大學應用數學系,0,0
國立中興高中,"逢甲大學應用數學系
中原大學工業與系統工程學系工程組
逢甲大學環境工程與科學學系
國立聯合大學電子工程學系
國立勤益科技大學冷凍空調與能源系
國立勤益科技大學工業工程與管理系",1,1
靜宜大學,"逢甲大學應用數學系
靜宜大學財務與計算數學系計算數學組
靜宜大學財務與計算數學系財務工程組
國立東華大學應用數學系統計組",0,0
國立中興高中,"逢甲大學應用數學系
逢甲大學統計學系
朝陽科技大學資訊與通訊系",1,0
國立宜蘭大學,"逢甲大學應用數學系
中原大學應用數學系
淡江大學數學學系資料科學與數理統計組",0,0
臺北市立建國高中,"逢甲大學應用數學系
東吳大學數學系
中原大學應用數學系
輔仁大學數學系應用數學組",0,0
私立明德女中,"逢甲大學應用數學系
逢甲大學電子工程學系
逢甲大學資訊電機學院不分系榮譽班
國立台中教育大學數學教育學系",1,1
國立彰化師大附工,"逢甲大學應用數學系
逢甲大學會計學系",1,0
國立北科大附屬桃園農工,"逢甲大學應用數學系
中原大學應用數學系
東海大學應用數學系
輔仁大學數學系應用數學組",1,1
國立臺灣海洋大學,"逢甲大學應用數學系
靜宜大學財務與計算數學系財務工程組
大葉大學財務金融學系
亞洲大學財務金融學系金融管理組",0,0
臺北市立大同高中,"逢甲大學應用數學系
淡江大學水資源及環境工程學系環境工程組",1,1
私立育達高中,"逢甲大學應用數學系
逢甲大學統計學系商業大數據組",1,0
臺北市立建國高中,"逢甲大學應用數學系
淡江大學水資源及環境工程學系環境工程組",1,1
新北市立新莊國中,"逢甲大學應用數學系
靜宜大學財務金融學系
亞洲大學財務金融學系投資理財組",1,1
高雄市立中山高中,"逢甲大學應用數學系
義守大學資訊工程學系",1,1
高雄市立高雄女中,"逢甲大學應用數學系
中原大學應用數學系
靜宜大學財務與計算數學系計算數學組
長庚科技大學護理系(林口校區)",0,0
私立弘文高中,"逢甲大學應用數學系
逢甲大學資訊電機學院不分系榮譽班",0,0
國立中興大學附中,"逢甲大學應用數學系
東海大學應用數學系
東海大學資訊工程學系數位創意組
逢甲大學資訊工程學系",1,1
私立海星高中,"逢甲大學應用數學系
東吳大學數學系
中原大學應用數學系
輔仁大學數學系純數學組
中華大學資訊工程學系資訊工程組
義守大學資訊工程學系",0,0
臺北市立大安高工,"逢甲大學應用數學系
東吳大學數學系
中原大學應用數學系
東海大學應用數學系
淡江大學數學學系數學組
淡江大學數學學系資料科學與數理統計組",0,0
國立員林崇實高工,"逢甲大學應用數學系
東海大學哲學系",1,1
國立員林高中,"逢甲大學應用數學系
逢甲大學統計學系
逢甲大學財務工程與精算學士學位學程
靜宜大學統計資訊學系",1,1
國立中央大學附屬中壢高中,"逢甲大學應用數學系
中原大學應用數學系
中原大學工業與系統工程學系工程組
東海大學應用數學系
淡江大學數學學系數學組",0,0
國立臺灣師大附中,逢甲大學應用數學系,1,1
高雄市立高雄高中,"逢甲大學應用數學系
逢甲大學機械與電腦輔助工程學系
逢甲大學自動控制工程學系
逢甲大學通訊工程學系",1,1
私立長榮高中,"逢甲大學應用數學系
逢甲大學光電學系
逢甲大學土木工程學系
國立臺南大學應用數學系
國立屏東大學應用數學系
國立嘉義大學應用數學系",0,0
私立弘文高中,"逢甲大學應用數學系
東吳大學巨量資料管理學院學士學位學程
東海大學社會工作學系
中山醫學大學視光學系",0,0
國立苗栗高中,"逢甲大學應用數學系
中原大學應用數學系
中原大學工業與系統工程學系工程組
淡江大學數學學系數學組
淡江大學數學學系資料科學與數理統計組",0,0
國立臺灣海洋大學,"逢甲大學應用數學系
靜宜大學財務與計算數學系計算數學組
銘傳大學應用統計與資料科學學系(桃園校區)",0,0
新北市立三民高中,"逢甲大學應用數學系
東海大學哲學系
銘傳大學應用中國文學系(桃園校區)
銘傳大學資訊傳播工程學系(桃園校區)",1,1
國立基隆女中,"逢甲大學應用數學系
東吳大學數學系
中原大學應用數學系
東海大學應用數學系
淡江大學數學學系數學組",0,0
國立新竹女中,"逢甲大學應用數學系
中原大學應用數學系
中原大學電機資訊學院學士班
逢甲大學資訊電機學院不分系榮譽班",0,0
臺北市立松山高中,"逢甲大學應用數學系
大同大學資訊工程學系
遠東科技大學資訊工程系
中臺科技大學應用外語系
大仁科技大學應用外語系
國立勤益科技大學資訊工程系",0,0
國立員林崇實高工,"逢甲大學應用數學系
逢甲大學財稅學系
逢甲大學統計學系
逢甲大學經濟學系
靜宜大學財務與計算數學系財務工程組
亞洲大學會計與資訊學系財稅應用組
國立虎尾科技大學自動化工程系",1,0
私立弘文高中,"逢甲大學應用數學系
靜宜大學資料科學暨大數據分析與應用學系-一般組
靜宜大學資訊管理學系-一般組",1,1
高雄市立左營高中,"逢甲大學應用數學系
東海大學應用數學系
靜宜大學財務與計算數學系財務工程組
義守大學應用數學系財務分析組",1,1
國立臺東高中,"逢甲大學應用數學系
東吳大學數學系
中原大學應用數學系
中國文化大學應用數學系
中國文化大學資訊工程學系
真理大學資訊工程學系(臺北校區)",0,0
國立家齊高中,"逢甲大學應用數學系
東吳大學數學系
東海大學應用數學系
淡江大學統計學系
逢甲大學統計學系",0,0
國立新竹高中,"逢甲大學應用數學系
中原大學應用數學系
大同大學電機工程學系電子與通訊組
元智大學機械工程學系
國立聯合大學電機工程學系
國立勤益科技大學冷凍空調與能源系
國立勤益科技大學資訊工程系",0,0
國立新營高中,"逢甲大學應用數學系
淡江大學數學學系資料科學與數理統計組
輔仁大學物理學系物理組
明志科技大學化學工程系",1,1
臺中市立清水高中,"逢甲大學應用數學系
中原大學應用數學系
淡江大學機械與機電工程學系精密機械組
中國文化大學機械工程學系",0,0
國立文華高中,"逢甲大學應用數學系
靜宜大學會計學系-類繁星",1,1
臺北市立松山高中,"逢甲大學應用數學系
銘傳大學應用統計資訊學系(桃園校區)
銘傳大學資訊傳播工程學系(桃園校區)
實踐大學資訊科技與管理學系(臺北校區)",0,0
國立嘉義高中,"逢甲大學應用數學系
靜宜大學會計學系
國立臺東大學資訊工程學系
國立聯合大學能源工程學系",0,0
國立臺中文華高中,"逢甲大學應用數學系
義守大學電機工程學系
國立勤益科技大學冷凍空調與能源系
修平科技大學電機工程系",1,1
國立新竹高中,"逢甲大學應用數學系
逢甲大學精密系統設計學士學位學程
中國文化大學光電物理學系
崑山科技大學機械工程系",1,0
國立新竹高中,"逢甲大學應用數學系
淡江大學數學學系數學組
中國文化大學應用數學系
亞洲大學創意商品設計學系
聖約翰科技大學時尚經營管理系
聖約翰科技大學創意設計系
中華科技大學建築系(台北校區)
中華科技大學建築系室內設計組(台北校區)",0,0
高雄市立中正高中,"逢甲大學應用數學系
逢甲大學統計學系
逢甲大學財務金融學系
國立屏東教育大學應用數學系
國立屏東科技大學車輛工程系
國立高雄海洋科技大學輪機工程系",0,0
私立建臺高中,"逢甲大學應用數學系
東吳大學數學系
中原大學應用數學系",0,0
私立弘文高中,"逢甲大學應用數學系
東海大學應用數學系",1,1
國立臺南一中,"逢甲大學應用數學系
東海大學應用數學系
南臺科技大學電機工程系控制與晶片組",0,0
國立文華高中,"逢甲大學應用數學系
逢甲大學財稅學系
逢甲大學企業管理學系
逢甲大學財務金融學系
嶺東科技大學國際企業系
嶺東科技大學財務金融系",1,0
國立嘉義高中,"逢甲大學應用數學系
中原大學應用數學系
東海大學統計學系(巨量資料管理組)
靜宜大學資料科學暨大數據分析與應用學系-一般組
國立屏東大學應用數學系
義守大學電子工程學系",0,0
國立文華高中,逢甲大學應用數學系,1,1
國立臺灣師範大學,"逢甲大學應用數學系
逢甲大學自動控制工程學系
逢甲大學資訊電機學院不分系榮譽班",1,1
國立新營高中,逢甲大學應用數學系,1,1
國立清水高中,"逢甲大學應用數學系
逢甲大學通訊工程學系
靜宜大學食品營養學系食品與生物技術組",0,0
國立竹北高中,"逢甲大學應用數學系
東海大學應用物理學系光電組
實踐大學資訊科技與通訊學系(高雄校區)",0,0
國立中興高中,"逢甲大學應用數學系
逢甲大學工業工程與系統管理學系
逢甲大學土木工程學系
逢甲大學水利工程與資源保育學系
朝陽科技大學資訊與通訊系
嘉南藥理大學保健營養系
弘光科技大學環境與安全衛生工程系環境工程組
中臺科技大學環境與安全衛生工程系",1,0
私立明德女中,"逢甲大學應用數學系
逢甲大學水利工程與資源保育學系
靜宜大學統計資訊學系
亞洲大學生物與醫學資訊學系醫學資訊組",1,0
私立弘文高中,"逢甲大學應用數學系
國立東華大學應用數學系統計科學組
國立屏東大學應用數學系
國立新竹教育大學不分系招生(理工勵進組)
國立臺東大學應用數學系
國立聯合大學光電工程學系
國立勤益科技大學資訊工程系
國立勤益科技大學冷凍空調與能源系
國立澎湖科技大學電信工程系",1,1
國立高雄師大附中,"逢甲大學應用數學系
東海大學統計學系(自然組)
東海大學統計學系(社會組)",1,1
私立明德女中,"逢甲大學應用數學系
亞洲大學財務金融學系投資管理組",0,0
高雄市立高雄女中,"逢甲大學應用數學系
東吳大學數學系",1,1
私立育達高中,"逢甲大學應用數學系
中原大學土木工程學系
逢甲大學機械與電腦輔助工程學系
逢甲大學統計學系大數據分析與市場決策組",0,0
臺中市立惠文高中,"逢甲大學應用數學系
靜宜大學資訊工程學系
靜宜大學資訊工程學系-類繁星",1,1
私立海星高中,"逢甲大學應用數學系
東吳大學數學系",0,0
私立道明高中,"逢甲大學應用數學系
東海大學統計學系(巨量資料管理組)
淡江大學數學學系資料科學與數理統計組",0,0
國立中興高中,"逢甲大學應用數學系
逢甲大學自動控制工程學系",1,0
國立員林高中,"逢甲大學應用數學系
靜宜大學財務與計算數學系計算數學組",1,1
臺北市立百齡高中,"逢甲大學應用數學系
東吳大學數學系
中原大學應用數學系
淡江大學數學學系數學組
國立東華大學應用數學系統計科學組
國立臺東大學應用數學系",0,0
國立中興高中,"逢甲大學應用數學系
中國文化大學資訊工程學系",1,1
國立虎尾高中,"逢甲大學應用數學系
中國文化大學應用數學系
靜宜大學資訊管理學系
南華大學資訊工程學系自然組
真理大學資訊工程學系一般組(臺北校區)",1,1
新竹市立建功高中,"逢甲大學應用數學系
東海大學統計學系(巨量資料管理組)",1,1
臺中市立臺中女中,"逢甲大學應用數學系
東海大學應用數學系
逢甲大學統計學系商業大數據組
逢甲大學企業管理學系",0,0
臺中市立文華高中,"逢甲大學應用數學系
東海大學應用數學系",0,0
國立苗栗高中,"逢甲大學應用數學系
靜宜大學財務與計算數學系計算數學組
銘傳大學應用統計與資料科學學系(桃園校區)",1,1
國立台中二中,"逢甲大學應用數學系
中原大學應用數學系
東海大學應用數學系",1,1
國立新竹女中,"逢甲大學應用數學系
中華大學電子工程學系
義守大學機械與自動化工程學系
世新大學資訊管理學系資訊科技組
朝陽科技大學財務金融系
南台科技大學電機工程系控制與晶片組
龍華科技大學機械工程系
明新科技大學資訊工程系",1,1
國立臺中二中,"逢甲大學應用數學系
東吳大學數學系
淡江大學數學學系數學組
逢甲大學光電學系
亞洲大學經營管理學系行銷管理組",1,1
國立中興高中,"逢甲大學應用數學系
東海大學應用數學系
東海大學企業管理學系(創業與組織領導組)
逢甲大學企業管理學系",1,1
新北市立板橋高中,逢甲大學應用數學系,1,1
國立嘉義高中,"逢甲大學應用數學系
淡江大學物理學系應用物理組",1,1
私立弘文高中,"逢甲大學應用數學系
靜宜大學應用化學系
亞洲大學經營管理學系行銷管理組",1,1
國立新竹女中,逢甲大學應用數學系,1,1
國立斗六高中,"逢甲大學應用數學系
中原大學應用數學系
銘傳大學資訊管理學系(桃園校區)
實踐大學資訊科技與管理學系(臺北校區)
實踐大學資訊管理學系(高雄校區)",1,1
高雄市立中山高中,"逢甲大學應用數學系
逢甲大學機械與電腦輔助工程學系
逢甲大學工業工程與系統管理學系
逢甲大學統計學系
義守大學機械與自動化工程學系",1,0
國立員林崇實高工,"逢甲大學應用數學系
中原大學應用數學系
國立屏東大學應用數學系",1,1
國立新竹高中,"逢甲大學應用數學系
逢甲大學材料科學與工程學系
逢甲大學電子工程學系
國立金門大學電子工程學系",0,0
國立屏東女中,"逢甲大學應用數學系
東海大學應用數學系",1,1
新北市立新店高中,"逢甲大學應用數學系
中原大學應用數學系
淡江大學數學學系數學組
亞洲大學財務金融學系金融科技組",0,0
國立屏東教育大學,"逢甲大學應用數學系
逢甲大學纖維與複合材料學系
逢甲大學統計學系
逢甲大學通訊工程學系
義守大學通訊工程學系
義守大學醫務管理學系
弘光科技大學生物醫學工程系
中臺科技大學醫學影像暨放射科學系
中臺科技大學食品科技系
中華醫事科技大學職業安全衛生系
南開科技大學企業管理系",1,0
國立陽明高中,"逢甲大學應用數學系
逢甲大學環境工程與科學學系
逢甲大學光電學系
逢甲大學水利工程與資源保育學系
銘傳大學電腦與通訊工程學系(桃園校區)",1,0
臺北市立景美女中,"逢甲大學應用數學系
東海大學統計學系(大數據與決策管理組)
中國文化大學資訊工程學系
亞洲大學資訊工程學系大數據與物聯網組
龍華科技大學資訊網路工程系
明新科技大學資訊工程系
中國科技大學資訊工程系(新竹校區)",0,0
臺北市立成功高中,"逢甲大學應用數學系
東海大學應用數學系",1,1
國立屏東大學民生校區,"逢甲大學應用數學系
淡江大學數學學系數學組
靜宜大學財務與計算數學系計算數學組
靜宜大學財務與計算數學系財務工程組
銘傳大學應用統計與資料科學學系(桃園校區)",1,1
國立臺南二中,"逢甲大學應用數學系
逢甲大學環境工程與科學學系
國立屏東大學資訊科學系
國立臺東大學應用數學系
義守大學資訊工程學系
義守大學數位多媒體設計學系互動媒體設計組
南臺科技大學電機工程系控制與晶片組",1,0
高雄市立中正高中,"逢甲大學應用數學系
東海大學應用數學系
逢甲大學自動控制工程學系
靜宜大學資訊工程學系-類繁星組
義守大學國際觀光餐旅學系(國際學院)",0,0
新北市立錦和高中,"逢甲大學應用數學系
東海大學統計學系(社會組)
淡江大學統計學系
中國文化大學財務金融學系財務金融組
銘傳大學風險管理與保險學系(台北校區)
崑山科技大學機械工程系
南臺科技大學多媒體與電腦娛樂科學系",1,1
國立高雄師範大學,"逢甲大學應用數學系
東海大學應用物理學系
國立屏東大學電腦與智慧型機器人學士學位學程",0,0
靜宜大學,"逢甲大學應用數學系
東海大學統計學系(自然組)
逢甲大學統計學系
逢甲大學光電學系
靜宜大學財務與計算數學系計算數學組
國立聯合大學化學工程學系
朝陽科技大學資訊管理系資訊管理組
弘光科技大學資訊管理系
弘光科技大學生物醫學工程系
中臺科技大學醫療暨健康產業管理系
中臺科技大學護理系",1,0
國立中興大學附中,"逢甲大學應用數學系
亞洲大學視光學系
亞洲大學資訊工程學系數位內容組",0,0
國立臺南一中,"逢甲大學應用數學系
義守大學化學工程學系
義守大學材料科學與工程學系
南臺科技大學化學工程與材料工程系",1,1
新北市立新北高工,逢甲大學應用數學系,1,1
靜宜大學,"逢甲大學應用數學系
東海大學應用數學系
國立聯合大學資訊管理學系
國立臺中科技大學應用統計系
國立勤益科技大學資訊工程系
國立虎尾科技大學資訊管理系",1,1
臺北市立松山高中,"逢甲大學應用數學系
東海大學統計學系(大數據與資料科學組)
淡江大學統計學系
淡江大學數學學系資料科學與數理統計組
逢甲大學統計學系
國立東華大學應用數學系統計科學組",0,0
國立臺東女中,"逢甲大學應用數學系
淡江大學資訊與圖書館學系",1,1
國立臺南二中,"逢甲大學應用數學系
中國文化大學機械工程學系",1,1
私立道明高中,"逢甲大學應用數學系
淡江大學數學學系數學組
國立臺東大學應用數學系
國立高雄海洋科技大學漁業生產與管理系
朝陽科技大學工業工程與管理系",1,1
私立道明高中,"逢甲大學應用數學系
中原大學應用數學系
靜宜大學財務工程學系-類繁星
國立臺東大學應用數學系",1,1
國立中興大學附屬高中,"逢甲大學應用數學系
東海大學應用數學系
東海大學電機工程學系奈米電子與能源技術組",1,1
國立中興大學附中,"逢甲大學應用數學系
東海大學應用數學系
逢甲大學統計學系商業大數據組",1,1
國立苗栗高中,"逢甲大學應用數學系
東海大學工業工程與經營資訊學系
逢甲大學風險管理與保險學系",1,1
逢甲大學,"逢甲大學應用數學系
東海大學應用物理學系光電組
靜宜大學會計學系",0,0
國立屏東大學,"逢甲大學應用數學系
東海大學中國文學系
逢甲大學環境工程與科學學系
逢甲大學通訊工程學系",1,0
高雄市立高雄高中,"逢甲大學應用數學系
東吳大學數學系",0,0
高雄市立中山高中,"逢甲大學應用數學系
東海大學應用數學系
國立屏東大學應用數學系",1,1
桃園市立陽明高中,"逢甲大學應用數學系
中國文化大學應用數學系
靜宜大學財務工程學系-一般組",1,1
國立台灣師範大學,"逢甲大學應用數學系
逢甲大學統計學系",1,1
臺北市立百齡高中,"逢甲大學應用數學系
中國文化大學應用數學系
靜宜大學法律學系
銘傳大學會計學系(台北校區)",0,0
新北市立新北高工,逢甲大學應用數學系,1,1
國立虎尾高中,"逢甲大學應用數學系
中原大學應用數學系
明道大學精緻農業學系",0,0
臺中市立臺中二中,"逢甲大學應用數學系
靜宜大學應用化學系-類繁星
靜宜大學食品營養學系食品與生物技術組
靜宜大學食品營養學系食品與生物技術組-類繁星",0,0
私立明德高中,"逢甲大學應用數學系
靜宜大學財務與計算數學系財務工程組
靜宜大學統計資訊學系
國立臺東大學數學系",1,1
私立育達高中,"逢甲大學應用數學系
中原大學應用數學系",0,0
國立員林高中,"逢甲大學應用數學系
靜宜大學企業管理學系
靜宜大學會計學系",1,1
國立新竹女中,"逢甲大學應用數學系
東海大學應用數學系
國立東華大學應用數學系統計科學組
國立臺東大學應用數學系
國立嘉義大學應用數學系",0,0
國立臺南女中,"逢甲大學應用數學系
中原大學應用數學系
東海大學統計學系(自然組)",0,0
國立中興高中,"逢甲大學應用數學系
東海大學統計學系(自然組)
逢甲大學水利工程與資源保育學系
靜宜大學企業管理學系
國立金門大學企業管理學系",1,0
國立斗六高中,"逢甲大學應用數學系
長榮大學護理學系
慈濟大學護理學系
輔英科技大學護理系
弘光科技大學護理系",0,0
新北市立板橋高中,"逢甲大學應用數學系
中國文化大學資訊工程學系
輔仁大學數學系資訊數學組",1,1
高雄市立高雄高中,"逢甲大學應用數學系
東海大學統計學系(社會組)
逢甲大學通訊工程學系
義守大學資訊工程學系
朝陽科技大學資訊管理系資訊管理組
嶺東科技大學國際企業系
嶺東科技大學財務金融系",1,1
國立宜蘭大學,"逢甲大學應用數學系
東海大學應用數學系",0,0
國立臺東高中,"逢甲大學應用數學系
中國文化大學建築及都市設計學系
靜宜大學財務與計算數學系財務工程組
銘傳大學數位媒體設計學系(桃園校區)
實踐大學時尚設計學系(高雄校區)
正修科技大學數位多媒體設計系",0,0
高雄市立高雄女中,"逢甲大學應用數學系
東海大學統計學系(社會組)",1,1
國立新竹高中,"逢甲大學應用數學系
逢甲大學統計學系",1,0
國立屏東大學民生校區,"逢甲大學應用數學系
逢甲大學風險管理與保險學系
靜宜大學財務與計算數學系計算數學組
朝陽科技大學建築系室內設計組",1,1
國立臺東高中,"逢甲大學應用數學系
中原大學應用數學系
銘傳大學資訊工程學系(桃園校區)
實踐大學資訊科技與管理學系(臺北校區)",0,0
臺中市立臺中一中,"逢甲大學應用數學系
逢甲大學工業工程與系統管理學系
靜宜大學財務與計算數學系財務工程組
國立屏東大學應用物理系光電暨材料組",1,0
高雄市立左營高中,逢甲大學應用數學系,1,1
國立員林高中,"逢甲大學應用數學系
靜宜大學財務金融學系
靜宜大學財務金融學系-類繁星
亞洲大學財務金融學系投資理財組",1,1
高雄市立高雄高中,"逢甲大學應用數學系
東海大學應用物理學系
逢甲大學纖維與複合材料學系
逢甲大學工業工程與系統管理學系
逢甲大學水利工程與資源保育學系",1,0
國立雲林科技大學,"逢甲大學應用數學系
中原大學應用數學系
東海大學統計學系(自然組)
輔仁大學數學系應用數學組",0,0
國立台中女中,"逢甲大學應用數學系
東海大學應用數學系
逢甲大學資訊電機學院不分系榮譽班
中國文化大學資訊工程學系
靜宜大學資訊工程學系",0,0
私立道明高中,"逢甲大學應用數學系
東吳大學數學系
國立屏東大學應用數學系
國立臺東大學應用數學系",0,0
私立明德高中,"逢甲大學應用數學系
中原大學應用數學系
東海大學應用數學系
國立東華大學應用數學系數學科學組",0,0
高雄市立中山高中,"逢甲大學應用數學系
逢甲大學土木工程學系
國立高雄師範大學數學系數學組
國立臺南大學應用數學系
國立屏東大學應用數學系",1,0
國立中興高中,"逢甲大學應用數學系
東吳大學數學系
東海大學應用物理學系材料及奈米科技組
東海大學化學工程與材料工程學系
逢甲大學工業工程與系統管理學系",0,0
國立臺中文華高中,"逢甲大學應用數學系
東海大學統計學系(社會組)",0,0
臺中市立臺中一中,"逢甲大學應用數學系
東海大學資訊管理學系(物聯網與大數據應用組)",0,0
國立新竹女中,"逢甲大學應用數學系
逢甲大學工業工程與系統管理學系",1,0
國立臺中二中,"逢甲大學應用數學系
東海大學應用數學系
東海大學資訊工程學系資電工程組
東海大學資訊工程學系軟體工程組
逢甲大學電子工程學系",0,0
私立光隆家商,"逢甲大學應用數學系
東海大學化學工程與材料工程學系
淡江大學數學學系數學組",0,0
國立員林高中,"逢甲大學應用數學系
中原大學應用數學系",1,1
國立中壢高商,"逢甲大學應用數學系
中原大學應用數學系
東海大學化學工程與材料工程學系",1,1
私立明德中學,"逢甲大學應用數學系
靜宜大學台灣文學系
靜宜大學資訊傳播工程學系(互動藝術組)
銘傳大學應用中國文學系(桃園校區)
銘傳大學應用日語學系(桃園校區)
修平科技大學人力資源管理與發展系
僑光科技大學多媒體與遊戲設計系
中臺科技大學老人照顧系
朝陽科技大學資訊管理系資訊管理組",0,0
國立員林高中,"逢甲大學應用數學系
靜宜大學資訊傳播工程學系
嘉南藥理科技大學環境資源管理系",1,1
國立陽明高中,"逢甲大學應用數學系
東吳大學數學系
中原大學應用數學系
淡江大學數學學系資料科學與數理統計組
輔仁大學數學系資訊數學組
國立勤益科技大學資訊工程系
華夏科技大學資訊工程系",0,0
私立長榮高中,"逢甲大學應用數學系
逢甲大學通訊工程學系
國立台東大學資訊工程學系",1,0
國立斗六高中,"逢甲大學應用數學系
逢甲大學通訊工程學系
國立臺東大學教育學系
國立臺東大學幼兒教育學系
國立臺東大學特殊教育學系",0,0
高雄市立高雄女中,"逢甲大學應用數學系
東吳大學數學系
中原大學應用數學系
東海大學應用數學系
淡江大學數學學系數學組",0,0
高雄市立左營高中,"逢甲大學應用數學系
逢甲大學材料科學與工程學系
逢甲大學電機工程學系
義守大學電機工程學系
國立聯合大學光電工程學系",1,0
逢甲大學,"逢甲大學應用數學系
逢甲大學工業工程與系統管理學系
逢甲大學經濟學系",1,0
國立臺灣師大附中,"逢甲大學應用數學系
逢甲大學統計學系
銘傳大學會計學系(台北校區)
銘傳大學風險管理與保險學系(台北校區)
德明財經科技大學會計資訊系",0,0
臺中市立清水高中,"逢甲大學應用數學系
東海大學統計學系(大數據與資料科學組)
逢甲大學環境工程與科學學系
國立聯合大學環境與安全衛生工程學系
國立聯合大學光電工程學系",1,0
私立復旦高中,"逢甲大學應用數學系
中原大學應用數學系
東海大學應用數學系
淡江大學數學學系資料科學與數理統計組
輔仁大學數學系純數學組",0,0
新竹市立建功高中,"逢甲大學應用數學系
東吳大學化學系
中原大學應用數學系
東海大學化學工程與材料工程學系(生化工程組)
東海大學畜產與生物科技學系
中國文化大學化學系",0,0
私立明德中學,"逢甲大學應用數學系
中原大學應用數學系
中原大學土木工程學系
逢甲大學工業工程與系統管理學系
逢甲大學土木工程學系
逢甲大學土地管理學系",1,0
臺中市立文華高中,"逢甲大學應用數學系
中原大學物理學系物理組
中原大學工業與系統工程學系工程組
淡江大學航空太空工程學系",0,0
國立家齊高中,"逢甲大學應用數學系
逢甲大學統計學系商業大數據組
義守大學財務與計算數學系",1,0
靜宜大學,"逢甲大學應用數學系
逢甲大學中國文學系
靜宜大學化粧品科學系
亞洲大學護理學系高齡長期照護組
亞洲大學時尚設計學系時尚服裝設計組
弘光科技大學護理系
弘光科技大學餐旅管理系
長庚科技大學護理系(林口校區)",0,0
國立新竹女中,"逢甲大學應用數學系
中原大學應用數學系
中原大學工業與系統工程學系
逢甲大學統計學系",1,1
桃園市立陽明高中,"逢甲大學應用數學系
中原大學應用數學系
長庚大學資訊管理學系
國立臺南大學應用數學系
國立東華大學資訊工程學系資工組
國立高雄科技大學電機工程系(建工校區)",0,0
高雄市立高雄女中,"逢甲大學應用數學系
大同大學機械工程學系精密機械組",1,1
國立中興高中,"逢甲大學應用數學系
東吳大學數學系
淡江大學統計學系",0,0
國立嘉義女中,"逢甲大學應用數學系
東吳大學財務工程與精算數學系
銘傳大學財務金融學系財務金融組(臺北校區)
銘傳大學國際企業學系外貿金融組(臺北校區)
實踐大學資訊科技與管理學系(臺北校區)
朝陽科技大學資訊與通訊系
樹德科技大學資訊工程系
高苑科技大學資訊管理系
臺北城市科技大學資訊工程系",0,0
新北市立新店高中,"逢甲大學應用數學系
銘傳大學應用統計資訊學系(桃園校區)
世新大學資訊管理學系資訊管理組",1,1
國立嘉義高中,"逢甲大學應用數學系
中原大學應用數學系
淡江大學數學學系資料科學與數理統計組
輔仁大學數學系應用數學組",1,1
國立陽明高中,"逢甲大學應用數學系
中原大學應用數學系",1,1
國立新營高中,"逢甲大學應用數學系
靜宜大學生態人文學系
靜宜大學資訊工程學系
義守大學資訊工程學系",1,1
國立苗栗高中,"逢甲大學應用數學系
東海大學應用數學系
淡江大學數學學系資料科學與數理統計組
國立臺東大學應用數學系",0,0
國立豐原高中,"逢甲大學應用數學系
中原大學應用數學系
輔仁大學數學系純數學組
朝陽科技大學資訊管理系資訊管理組
嘉南藥理科技大學化粧品應用與管理系
弘光科技大學化妝品應用系
弘光科技大學老人福利與事業系",1,1
國立彰化師範大學,"逢甲大學應用數學系
東吳大學數學系
東海大學應用數學系
國立東華大學應用數學系數學科學組",0,0
國立屏東大學民生校區,"逢甲大學應用數學系
逢甲大學水利工程與資源保育學系
國立臺東大學應用科學系化學及奈米科學組
義守大學電機工程學系",1,1
私立明德高中,"逢甲大學應用數學系
逢甲大學精密系統設計學士學位學程",1,0
國立臺南一中,"逢甲大學應用數學系
國立臺東大學華語文學系",1,1
國立臺東高中,"逢甲大學應用數學系
逢甲大學水利工程與資源保育學系
銘傳大學電子工程學系(桃園校區)
慈濟大學生命科學系",1,0
國立花蓮高中,"逢甲大學應用數學系
中原大學應用數學系
東海大學應用數學系
淡江大學數學學系數學組",0,0
臺中市立惠文高中,"逢甲大學應用數學系
東海大學應用數學系
逢甲大學統計學系商業大數據組
國立臺灣體育運動大學體育學系(一般組)",1,1
國立虎尾高中,"逢甲大學應用數學系
靜宜大學資訊管理學系
靜宜大學資訊工程學系",1,1
新北市立新店高中,"逢甲大學應用數學系
淡江大學數學學系資料科學與數理統計組
輔仁大學物理學系光電物理組
元智大學工業工程與管理學系",0,0
國立中興高中,"逢甲大學應用數學系
中原大學應用數學系
靜宜大學財務與計算數學系財務工程組
靜宜大學統計資訊學系
亞洲大學財務金融學系投資理財組",0,0
國立臺灣師大附中,逢甲大學應用數學系,1,1
高雄市立左營高中,"逢甲大學應用數學系
中原大學應用數學系
淡江大學數學學系數學組
輔仁大學數學系應用數學組
國立屏東大學應用數學系
國立嘉義大學應用數學系",0,0
高雄市立中正高中,逢甲大學應用數學系,1,1
國立斗六高中,"逢甲大學應用數學系
東海大學統計學系(自然組)
東海大學統計學系(社會組)
靜宜大學財務與計算數學系計算數學組",1,1
新北市立新莊高中,"逢甲大學應用數學系
東吳大學數學系
中原大學應用數學系
淡江大學統計學系
輔仁大學數學系應用數學組
國立嘉義大學應用數學系",0,0
國立屏東女中,"逢甲大學應用數學系
東海大學應用數學系
東海大學統計學系(大數據與資料科學組)
逢甲大學統計學系",0,0
靜宜大學,"逢甲大學應用數學系
東海大學應用數學系
國立嘉義大學應用數學系",0,0
國立臺中女中,"逢甲大學應用數學系
中原大學應用數學系
逢甲大學統計學系
靜宜大學財務金融學系-繁星類",1,1
臺中市立清水高中,"逢甲大學應用數學系
中原大學應用數學系
淡江大學數學學系資料科學與數理統計組
中國文化大學應用數學系",0,0
國立陽明高中,"逢甲大學應用數學系
東海大學應用物理學系光電組
逢甲大學光電學系
逢甲大學自動控制工程學系
逢甲大學水利工程與資源保育學系
國立勤益科技大學冷凍空調與能源系
龍華科技大學機械工程系",0,0
國立臺南女中,"逢甲大學應用數學系
東海大學應用數學系
國立臺中教育大學數學教育學系
國立屏東教育大學應用數學系
國立臺東大學數學系
國立澎湖科技大學資訊工程系
朝陽科技大學資訊工程系
南臺科技大學管理與資訊系工業管理組",0,0
國立虎尾高中,"逢甲大學應用數學系
中原大學應用數學系
輔仁大學數學系純數學組",1,1
新北市立中山國中,"逢甲大學應用數學系
國立東華大學應用數學系統計組",0,0
逢甲大學,"逢甲大學應用數學系
逢甲大學纖維與複合材料學系
朝陽科技大學營建工程系",1,1
國立台中一中,"逢甲大學應用數學系
東海大學應用物理學系光電組
逢甲大學纖維與複合材料學系
朝陽科技大學工業工程與管理系",1,1
國立華僑高中,逢甲大學應用數學系,1,1
新北市立新北高工,"逢甲大學應用數學系
靜宜大學財務與計算數學系計算數學組
世新大學資訊管理學系資訊管理組",1,1
國立嘉義高中,"逢甲大學應用數學系
東吳大學數學系
東海大學應用數學系
東海大學統計學系(大數據與決策管理組)
逢甲大學材料科學與工程學系",0,0
國立臺東女中,"逢甲大學應用數學系
中原大學電子工程學系
逢甲大學光電科學與工程學系
逢甲大學電子工程學系
元智大學電機工程學系(乙組)",1,0
私立弘文高中,"逢甲大學應用數學系
東海大學環境科學與工程學系
世新大學財務金融學系
國立嘉義大學體育與健康休閒學系
南臺科技大學電機工程系控制與晶片組",0,0
國立屏東大學民生校區,"逢甲大學應用數學系
東海大學統計學系(社會組)
東海大學經濟學系一般經濟組
逢甲大學工業工程與系統管理學系
逢甲大學統計學系",1,0
國立桃園高中,"逢甲大學應用數學系
中原大學應用數學系
中原大學化學工程學系
中原大學電子工程學系
逢甲大學化學工程學系",0,0
私立復旦高中,"逢甲大學應用數學系
中原大學應用數學系
中國文化大學電機工程學系
中華大學電機工程學系",0,0
國立中興大學附屬高中,"逢甲大學應用數學系
靜宜大學資訊管理學系
靜宜大學資訊傳播工程學系
亞洲大學健康產業管理學系醫療機構管理組
亞洲大學生物科技學系產業管理組",0,0
臺北市立中崙高中,"逢甲大學應用數學系
中原大學應用數學系",0,0
靜宜大學,"逢甲大學應用數學系
逢甲大學財務金融學系
國立聯合大學能源工程學系",1,1
國立新竹女中,"逢甲大學應用數學系
中原大學應用數學系
國立聯合大學電機工程學系
國立聯合大學電子工程學系
國立聯合大學資訊工程學系
國立高雄第一科技大學電子工程系
國立高雄應用科技大學機械工程系",1,1
國立成功大學,"逢甲大學應用數學系
東吳大學數學系
淡江大學數學學系數學組
國立台中教育大學數學教育學系
國立屏東教育大學應用數學系
義守大學應用數學系財務分析組",0,0
國立苗栗高中,"逢甲大學應用數學系
逢甲大學資訊電機學院不分系榮譽班
靜宜大學資訊工程學系
國立臺東大學數學系",0,0
國立屏東女中,"逢甲大學應用數學系
東海大學工業工程與經營資訊學系
逢甲大學工業工程與系統管理學系
逢甲大學統計學系
義守大學通訊工程學系",1,0
臺中市立臺中二中,"逢甲大學應用數學系
東海大學資訊管理學系(數位行銷與電子商務應用組)
國立屏東大學電腦與通訊學系",1,1
臺中市立惠文高中,"逢甲大學應用數學系
淡江大學土木工程學系工程設施組
逢甲大學土木工程學系
逢甲大學都市計畫與空間資訊學系空間資訊組
國立聯合大學能源工程學系",1,0
國立新竹高中,"逢甲大學應用數學系
逢甲大學纖維與複合材料學系
逢甲大學工業工程與系統管理學系
銘傳大學資訊工程學系(桃園校區)
國立聯合大學電子工程學系",0,0
國立桃園高中,"逢甲大學應用數學系
東吳大學數學系
中原大學應用數學系
淡江大學數學學系資料科學與數理統計組
靜宜大學財務與計算數學系計算數學組
輔仁大學數學系應用數學組",0,0
國立臺中二中,"逢甲大學應用數學系
逢甲大學機械與電腦輔助工程學系
逢甲大學統計學系
國立勤益科技大學資訊工程系
國立勤益科技大學工業工程與管理系",1,0
臺中市立惠文高中,"逢甲大學應用數學系
淡江大學數學學系數學組
靜宜大學財務與計算數學系計算數學組
靜宜大學資訊工程學系",1,1
國立員林崇實高工,"逢甲大學應用數學系
中原大學應用數學系
東海大學應用數學系",0,0
高雄市立左營高中,"逢甲大學應用數學系
東海大學應用數學系
逢甲大學會計學系
中國文化大學應用數學系
國立高雄大學運動健康與休閒學系",1,1
國立武陵高中,"逢甲大學應用數學系
中原大學應用數學系
逢甲大學光電學系
國立聯合大學光電工程學系",1,0
逢甲大學,"逢甲大學應用數學系
東海大學統計學系(社會組)
東海大學經濟學系產業經濟組
中國醫藥大學職業安全與衛生學系
逢甲大學國際貿易學系
逢甲大學財務金融學系",0,0
臺北市立中正高中,"逢甲大學應用數學系
中原大學工業與系統工程學系工程組
淡江大學統計學系
淡江大學水資源及環境工程學系水資源工程組
逢甲大學運輸與物流學系
中國文化大學電機工程學系",0,0
國立彰化師大附屬高工,"逢甲大學應用數學系
逢甲大學工業工程與系統管理學系
逢甲大學資訊工程學系
逢甲大學電子工程學系",1,0
國立中興高中,"逢甲大學應用數學系
東吳大學數學系
輔仁大學數學系應用數學組
銘傳大學會計學系(台北校區)
實踐大學財務金融學系(臺北校區)
國立聯合大學環境與安全衛生工程學系
國立高雄海洋科技大學漁業生產與管理系
國立勤益科技大學冷凍空調與能源系能源應用組
朝陽科技大學資訊管理系數位多媒體組",0,0
國立臺中二中,"逢甲大學應用數學系
東海大學環境科學與工程學系
靜宜大學統計資訊學系
國立高雄海洋科技大學漁業生產與管理系
僑光科技大學行銷與流通管理系",0,0
國立員林崇實高工,"逢甲大學應用數學系
國立屏東教育大學科普傳播學系
國立臺東大學數位媒體與文教產業學系
國立臺東大學數學系
國立臺東大學資訊工程學系
朝陽科技大學資訊管理系數位多媒體組",1,1
臺中市立臺中二中,"逢甲大學應用數學系
東海大學資訊工程學系資電工程組
逢甲大學資訊工程學系
國立金門大學資訊工程學系",0,0
高雄市立中正高中,逢甲大學應用數學系,1,1
國立苗栗高中,"逢甲大學應用數學系
中原大學應用數學系
靜宜大學應用化學系",0,0
臺中市立惠文高中,"逢甲大學應用數學系
靜宜大學資訊工程學系
銘傳大學資訊工程學系(桃園校區)",1,1
國立臺中二中,"逢甲大學應用數學系
東吳大學物理學系
中原大學物理學系物理組
逢甲大學機械與電腦輔助工程學系
逢甲大學航太與系統工程學系
國立澎湖科技大學行銷與物流管理系
國立澎湖科技大學航運管理系
國立勤益科技大學工業工程與管理系
中華科技大學航空機械系(新竹校區)",1,1
新北市立錦和高中,"逢甲大學應用數學系
東海大學資訊工程學系數位創意組
大同大學資訊工程學系
大同大學資訊經營學系
世新大學資訊管理學系資訊科技組",0,0
國立台中一中,"逢甲大學應用數學系
朝陽科技大學工業工程與管理系",1,1
國立苗栗高中,"逢甲大學應用數學系
東海大學應用數學系
逢甲大學統計學系
國立台東大學數學系",1,1
逢甲大學,"逢甲大學應用數學系
東海大學統計學系(自然組)
逢甲大學纖維與複合材料學系
逢甲大學電子工程學系
逢甲大學通訊工程學系
靜宜大學資訊工程學系",1,0
新北市立永平高中,"逢甲大學應用數學系
中原大學應用數學系
輔仁大學數學系應用數學組",1,1
國立屏東教育大學,"逢甲大學應用數學系
東海大學應用物理學系材料及奈米科技組
逢甲大學工業工程與系統管理學系
逢甲大學資訊電機學院不分系榮譽班",1,0
國立新竹高中,"逢甲大學應用數學系
逢甲大學纖維與複合材料學系
靜宜大學資訊工程學系
靜宜大學資訊傳播工程學系",0,0
私立道明高中,"逢甲大學應用數學系
東吳大學資訊管理學系
東海大學資訊管理學系(數位行銷與電子商務應用組)
逢甲大學會計學系
輔仁大學經濟學系",1,0
國立嘉義高中,"逢甲大學應用數學系
中原大學化學工程學系生化工程組
中原大學化學工程學系材料工程組
東海大學化學工程與材料工程學系
淡江大學化學工程與材料工程學系
逢甲大學化學工程學系",1,0
國立苗栗高中,"逢甲大學應用數學系
中原大學應用數學系
東海大學應用數學系",1,1
國立新竹高中,"逢甲大學應用數學系
中原大學應用數學系
中原大學生物醫學工程學系
東海大學應用數學系
靜宜大學食品營養學系食品與生物技術組",0,0
國立臺南二中,"逢甲大學應用數學系
東吳大學財務工程與精算數學系
逢甲大學財務工程與精算學士學位學程",0,0
國立臺中女中,"逢甲大學應用數學系
東海大學工業工程與經營資訊學系
東海大學環境科學與工程學系
東海大學統計學系(自然組)
國立屏東大學電腦與通訊學系",1,1
臺中市立文華高中,"逢甲大學應用數學系
逢甲大學資訊電機學院學士班",1,0
國立嘉義高中,"逢甲大學應用數學系
中原大學應用數學系
淡江大學數學學系數學組
淡江大學數學學系資料科學與數理統計組
國立屏東大學應用數學系
國立高雄科技大學航運技術系(旗津校區)
元培醫事科技大學護理系
中華醫事科技大學護理系
長庚科技大學護理系(嘉義校區)
台北海洋科技大學航海系(士林校區)",0,0
臺北市立成功高中,"逢甲大學應用數學系
中國文化大學應用數學系
中國文化大學大氣科學系
中國文化大學市政暨環境規劃學系
銘傳大學都市規劃與防災學系(桃園校區)
長榮大學醫務管理學系",1,1
新北市立新北高工,"逢甲大學應用數學系
中原大學應用數學系
逢甲大學材料科學與工程學系",0,0
國立中興高中,"逢甲大學應用數學系
東吳大學數學系
中原大學應用數學系
國立東華大學應用數學系統計科學組
國立高雄海洋科技大學漁業生產與管理系
國立勤益科技大學資訊工程系",0,0
國立澎湖科技大學,"逢甲大學應用數學系
國立臺灣大學機械工程學系
逢甲大學土木工程學系
元智大學機械工程學系
國立嘉義大學土木與水資源工程學系",0,0
國立新竹高中,"逢甲大學應用數學系
東海大學應用物理學系
靜宜大學財務與計算數學系計算數學組
南臺科技大學生物科技系
長庚科技大學護理系(林口校區)",0,0
國立臺灣師大附中,"逢甲大學應用數學系
淡江大學資訊創新與科技學系軟體工程全英語組(蘭陽校園)
國立東華大學資訊工程學系學士班國際組
銘傳大學資訊工程學系(桃園校區)
國立勤益科技大學資訊工程系
國立雲林科技大學工業工程與管理系",0,0
國立臺南一中,"逢甲大學應用數學系
逢甲大學工業工程與系統管理學系
逢甲大學統計學系
逢甲大學環境工程與科學學系
元智大學工業工程與管理學系",1,0
國立臺南女中,"逢甲大學應用數學系
逢甲大學纖維與複合材料學系
逢甲大學統計學系
大葉大學資訊工程學系
南臺科技大學工業管理與資訊系工業管理組
崑山科技大學機械工程系
長庚科技大學護理系(嘉義校區)",1,0
國立宜蘭大學,"逢甲大學應用數學系
中原大學應用數學系
淡江大學數學學系數學組",0,0
臺北市立百齡高中,"逢甲大學應用數學系
淡江大學數學學系數學組
靜宜大學統計資訊學系",0,0
國立雲林科技大學,"逢甲大學應用數學系
中原大學應用數學系
中國文化大學應用數學系
輔仁大學數學系純數學組",1,1
新北市立錦和高中,"逢甲大學應用數學系
中原大學應用數學系
中國文化大學應用數學系
輔仁大學數學系資訊數學組
國立東華大學應用數學系數學科學組",0,0
國立桃園農工,"逢甲大學應用數學系
淡江大學數學學系資料科學與數理統計組
國立臺中教育大學數學教育學系
國立東華大學應用數學系數學科學組
國立勤益科技大學資訊工程系
國立勤益科技大學化工與材料工程系
國立高雄第一科技大學電子工程系",0,0
新北市立永平高中,逢甲大學應用數學系,1,1
國立臺南女中,"逢甲大學應用數學系
義守大學電機工程學系",1,1
私立四維高中,"逢甲大學應用數學系
銘傳大學應用統計資訊學系(桃園校區)
世新大學經濟學系
景文科技大學理財與稅務規劃系
德明財經科技大學財務金融系",1,1
國立臺灣海洋大學,逢甲大學應用數學系,1,1
私立弘文高中,"逢甲大學光電學系
靜宜大學財務與計算數學系財務工程組
靜宜大學應用化學系
靜宜大學資訊工程學系
國立勤益科技大學資訊工程系
朝陽科技大學資訊工程系
建國科技大學土木工程系",1,1
國立中興大學附屬高中,"逢甲大學應用數學系
淡江大學管理科學學系
靜宜大學企業管理學系
世新大學行政管理學系",1,1
國立彰化師範大學,"逢甲大學應用數學系
東海大學統計學系(大數據與決策管理組)
健行科技大學企業管理系",1,1
高雄市立高雄高中,"逢甲大學應用數學系
逢甲大學資訊電機學院不分系榮譽班
靜宜大學資訊傳播工程學系(互動藝術組)
國立屏東大學電腦與通訊學系
國立臺東大學資訊管理學系
國立臺東大學資訊工程學系
樹德科技大學電腦與通訊系",0,0
國立中興高中,"逢甲大學應用數學系
朝陽科技大學環境工程與管理系",1,1
私立明德高中,"逢甲大學應用數學系
淡江大學數學學系數學組",1,1
國立彰化師範大學,"逢甲大學應用數學系
國立聯合大學化學工程學系",1,1
私立復旦高中,"逢甲大學應用數學系
中國文化大學應用數學系",1,1
國立嘉義高中,"逢甲大學應用數學系
靜宜大學資訊工程學系
國立臺東大學應用數學系
義守大學電機工程學系
元培醫事科技大學醫學影像暨放射技術系",0,0
高雄市立中山高中,"逢甲大學應用數學系
靜宜大學社會工作與兒童少年福利學系
義守大學應用英語學系
長榮大學社會工作學系",0,0
私立弘文高中,"逢甲大學應用數學系
東海大學應用數學系
東海大學統計學系(大數據與決策管理組)
逢甲大學統計學系
靜宜大學統計資訊學系
靜宜大學統計資訊學系-類繁星",0,0
國立嘉義高中,"逢甲大學應用數學系
靜宜大學財務與計算數學系計算數學組
靜宜大學財務與計算數學系財務工程組",0,0
私立弘文高中,"逢甲大學應用數學系
中原大學物理學系物理組",1,1
國立北科大附屬桃園農工,"逢甲大學應用數學系
中原大學應用數學系
淡江大學數學學系資料科學與數理統計組
輔仁大學數學系資訊數學組",0,0
臺北市立大同高中,"逢甲大學應用數學系
中國文化大學電機工程學系
中國文化大學機械工程學系
大同大學電機工程學系電子與通訊組
銘傳大學資訊工程學系(桃園校區)
銘傳大學電腦與通訊工程學系(桃園校區)",1,1
私立道明高中,"逢甲大學應用數學系
中原大學應用數學系
中原大學物理學系物理組",0,0
國立花蓮高中,"逢甲大學應用數學系
靜宜大學會計學系
銘傳大學會計學系會計審計組(臺北校區)
銘傳大學經濟與金融學系金融理財組(桃園校區)
慈濟科技大學行銷與流通管理系",1,1
國立竹北高中,"逢甲大學應用數學系
淡江大學水資源及環境工程學系水資源工程組
逢甲大學資訊工程學系
逢甲大學水利工程與資源保育學系
元智大學化學工程與材料科學學系",0,0
私立四維高中,"逢甲大學應用數學系
逢甲大學電子工程學系
逢甲大學資訊電機學院不分系榮譽班
逢甲大學通訊工程學系",1,1
私立弘文高中,"僑光科技大學多媒體與遊戲設計系
嶺東科技大學財務金融系
朝陽科技大學應用化學系生化科技組",1,1
國立武陵高中,"逢甲大學應用數學系
中原大學應用數學系
東海大學化學工程與材料工程學系
國立聯合大學環境與安全衛生工程學系",0,0
台北市立松山高中,"逢甲大學應用數學系
東海大學經濟學系產業經濟組",1,1
國立彰化師大附屬高工,"逢甲大學應用數學系
逢甲大學統計學系",1,1
私立復旦高中,逢甲大學應用數學系,1,1
國立臺中文華高中,"逢甲大學應用數學系
逢甲大學纖維與複合材料學系
逢甲大學資訊電機學院不分系榮譽班
逢甲大學土木工程學系",1,0
國立高雄師大附中,"逢甲大學應用數學系
逢甲大學合作經濟學系
逢甲大學經濟學系",1,0
國立台灣師範大學,"逢甲大學應用數學系
中原大學應用數學系
淡江大學數學學系資料科學與數理統計組",0,0
國立彰化師範大學,"逢甲大學應用數學系
東吳大學資訊管理學系
國立暨南國際大學資訊管理學系
國立嘉義大學應用經濟學系",0,0
逢甲大學,"逢甲大學應用數學系
逢甲大學會計學系
逢甲大學國際貿易學系
逢甲大學財務金融學系
國立彰化師範大學會計學系",0,0
國立虎尾高中,"逢甲大學應用數學系
東海大學應用數學系
靜宜大學資訊傳播工程學系
靜宜大學資訊傳播工程學系-類繁星",1,1
國立新竹女中,"逢甲大學應用數學系
中原大學應用數學系
淡江大學數學學系數學組
輔仁大學數學系應用數學組
國立臺中教育大學數學教育學系",0,0
靜宜大學,"逢甲大學應用數學系
逢甲大學精密系統設計學士學位學程
逢甲大學光電學系
靜宜大學應用化學系(應用化學組)",1,0
臺中市立惠文高中,"逢甲大學應用數學系
靜宜大學財務工程學系-一般組
靜宜大學資料科學暨大數據分析與應用學系-一般組
靜宜大學資訊工程學系-一般組",1,1
國立新竹女中,"逢甲大學應用數學系
逢甲大學統計學系
逢甲大學資訊工程學系
亞洲大學視光學系",1,1
國立中興高中,"逢甲大學應用數學系
中原大學應用數學系",1,1
國立澎湖科技大學,"逢甲大學應用數學系
靜宜大學統計資訊學系
銘傳大學應用統計資訊學系(桃園校區)
龍華科技大學財務金融系
景文科技大學財務金融系
德明財經科技大學會計資訊系
中華科技大學財務金融系財富管理組(台北校區)",0,0
私立明德女中,"逢甲大學應用數學系
東吳大學數學系
東海大學應用數學系
國立高雄師範大學數學系數學組",0,0
高雄市立中山高中,"逢甲大學應用數學系
逢甲大學統計學系
國立屏東大學應用數學系
國立勤益科技大學資訊工程系",0,0
國立屏東大學民生校區,"逢甲大學應用數學系
國立金門大學工業工程與管理學系",0,0
國立金門大學,"逢甲大學應用數學系
東海大學工業工程與經營資訊學系
銘傳大學經濟與金融學系(桃園校區)
銘傳大學資訊傳播工程學系(桃園校區)",0,0
國立新竹女中,"逢甲大學應用數學系
東海大學統計學系(社會組)
淡江大學統計學系
靜宜大學財務與計算數學系財務工程組
靜宜大學會計學系",0,0
國立桃園農工,"逢甲大學應用數學系
靜宜大學財務金融學系
實踐大學金融管理學系(高雄校區)
龍華科技大學資訊管理系",1,1
私立弘文高中,"逢甲大學應用數學系
東海大學統計學系(社會組)
靜宜大學統計資訊學系(巨量資料暨商業智慧組)
靜宜大學財務金融學系
亞洲大學財務金融學系投資管理組
朝陽科技大學資訊管理系資訊管理組",0,0
私立明德高中,"逢甲大學應用數學系
亞洲大學會計與資訊學系財稅應用組
亞洲大學會計與資訊學系管理應用組
國立聯合大學電機工程學系",1,1
國立家齊高中,"逢甲大學應用數學系
中原大學資訊管理學系
逢甲大學自動控制工程學系
逢甲大學通訊工程學系",1,0
高雄市立中正高中,"逢甲大學應用數學系
國立臺東大學應用數學系
義守大學財務金融學系金融管理組",1,1
國立武陵高中,逢甲大學應用數學系,1,1
國立新竹女中,"逢甲大學應用數學系
國立屏東教育大學應用數學系",1,1
國立臺中女中,"逢甲大學應用數學系
東海大學應用數學系
逢甲大學電機工程學系",1,0
臺中市立惠文高中,"逢甲大學應用數學系
靜宜大學財務金融學系-繁星類
靜宜大學資訊工程學系(智慧電子與數位系統設計組)-繁星類
義守大學資訊工程學系
亞洲大學資訊工程學系資電應用組
亞洲大學會計與資訊學系財稅應用組",1,1
國立中興高中,"逢甲大學應用數學系
中原大學應用數學系
中原大學工業與系統工程學系工程組",1,1
國立新竹高中,"逢甲大學應用數學系
中原大學工業與系統工程學系工程組
東海大學環境科學與工程學系
淡江大學航空太空工程學系
國立臺灣海洋大學輪機工程學系能源應用組",0,0
逢甲大學,"逢甲大學應用數學系
東海大學經濟學系一般經濟組",0,0
國立鳳新高中,"逢甲大學應用數學系
東海大學應用數學系
國立嘉義大學應用數學系
國立屏東科技大學農企業管理系",0,0
國立中興大學附中,"逢甲大學應用數學系
中原大學工業與系統工程學系工程組",1,1
國立臺中文華高中,"逢甲大學應用數學系
逢甲大學統計學系",1,1
私立明德高中,"逢甲大學應用數學系
東海大學應用數學系
國立屏東大學應用數學系",0,0
國立嘉義高中,"逢甲大學應用數學系
靜宜大學會計學系
義守大學會計學系管理應用組",1,1
逢甲大學,"逢甲大學應用數學系
東海大學應用數學系
逢甲大學資訊工程學系
逢甲大學資訊電機學院不分系榮譽班
國立臺中教育大學數學教育學系",1,0
私立弘文高中,"逢甲大學應用數學系
中原大學應用數學系
國立東華大學應用數學系數學科學組",0,0
國立臺中女中,"逢甲大學應用數學系
東海大學應用數學系
東海大學統計學系(自然組)
東海大學統計學系(社會組)
逢甲大學統計學系",0,0
國立臺南二中,"逢甲大學應用數學系
亞洲大學視光學系
亞洲大學光電與通訊學系光電綠能組
南臺科技大學多媒體與電腦娛樂科學系
文藻外語大學數位內容應用與管理系",1,1
國立鳳新高中,"逢甲大學應用數學系
東海大學應用數學系
淡江大學數學學系數學組
淡江大學數學學系資料科學與數理統計組
淡江大學機械與機電工程學系光機電整合組
逢甲大學機械與電腦輔助工程學系",1,0
國立陽明高中,"逢甲大學應用數學系
東海大學應用物理學系
東海大學應用數學系
東海大學統計學系(大數據與資料科學組)
國立東華大學應用數學系數學科學組
國立東華大學物理學系物理組",0,0
國立臺中女中,逢甲大學應用數學系,1,1
國立基隆女中,"逢甲大學應用數學系
中原大學應用數學系
國立臺東大學應用數學系",0,0
高雄市立高雄女中,"逢甲大學應用數學系
逢甲大學統計學系
義守大學電機工程學系
義守大學電子工程學系
長榮大學資訊工程學系
樹德科技大學資訊管理系數位行銷組
樹德科技大學企業管理系
正修科技大學電子工程系綠能科技應用組
正修科技大學工業工程與管理系經營管理組",1,1
高雄市立中正高中,"逢甲大學應用數學系
逢甲大學財務金融學系
靜宜大學日本語文學系-類繁星
義守大學應用日語學系",0,0
國立鳳新高中,"逢甲大學應用數學系
東海大學應用數學系",0,0
臺中市立臺中一中,"逢甲大學應用數學系
東海大學應用數學系
逢甲大學機械與電腦輔助工程學系",1,0
國立台中二中,"逢甲大學應用數學系
朝陽科技大學財務金融系",1,1
國立苗栗高中,"逢甲大學應用數學系
東吳大學數學系
中原大學應用數學系
淡江大學數學學系數學組
國立屏東大學應用數學系",0,0
國立新竹高中,"逢甲大學應用數學系
中原大學應用數學系",1,1
臺中市立清水高中,"逢甲大學應用數學系
東海大學統計學系(大數據與決策管理組)
逢甲大學環境工程與科學學系
靜宜大學財務與計算數學系計算數學組
靜宜大學財務與計算數學系財務工程組
靜宜大學統計資訊學系
國立勤益科技大學資訊工程系
弘光科技大學餐旅管理系",0,0
國立中央大學附屬中壢高中,"逢甲大學應用數學系
東吳大學數學系
東海大學應用數學系
靜宜大學財務與計算數學系計算數學組
國立東華大學應用數學系數學科學組",0,0
私立四維高中,"逢甲大學應用數學系
國立東華大學課程設計與潛能開發學系",0,0
臺北市立百齡高中,"逢甲大學應用數學系
東海大學環境科學與工程學系
大仁科技大學護理系
元培醫事科技大學護理系
中華醫事科技大學護理系
美和科技大學護理系",1,1
國立臺東高中,"逢甲大學應用數學系
逢甲大學環境工程與科學學系
國立臺東大學數學系
國立金門大學都市計畫與景觀學系
國立虎尾科技大學車輛工程系
國立高雄海洋科技大學漁業生產與管理系",0,0
國立屏東大學民生校區,"逢甲大學應用數學系
國立屏東大學應用數學系
國立屏東大學應用物理系物理組
義守大學財務與計算數學系
國立勤益科技大學資訊工程系
朝陽科技大學應用化學系",0,0
國立武陵高中,"逢甲大學應用數學系
東海大學工業工程與經營資訊學系
靜宜大學資訊管理學系",0,0
私立弘文高中,"逢甲大學應用數學系
逢甲大學統計學系
實踐大學會計學系(臺北校區)",1,0
國立台中女中,"逢甲大學應用數學系
逢甲大學電子工程學系
逢甲大學資訊電機學院不分系榮譽班",1,1
國立臺南一中,"逢甲大學應用數學系
中原大學應用數學系
淡江大學數學學系數學組",1,1
國立豐原高中,"逢甲大學應用數學系
逢甲大學通訊工程學系",1,0
國立臺南女中,"逢甲大學應用數學系
聖約翰科技大學電子工程系
龍華科技大學電子工程系
朝陽科技大學資訊管理系資訊管理組",1,1
國立臺中一中,"逢甲大學應用數學系
逢甲大學機械與電腦輔助工程學系
逢甲大學航太與系統工程學系
逢甲大學自動控制工程學系
靜宜大學資訊工程學系",1,0
國立彰化師範大學,"逢甲大學應用數學系
中原大學應用數學系
逢甲大學通訊工程學系
國立嘉義大學應用數學系
亞洲大學資訊工程學系數位內容組
國立聯合大學資訊工程學系
國立勤益科技大學資訊工程系
朝陽科技大學資訊工程系
龍華科技大學資訊網路工程系
明新科技大學資訊工程系
正修科技大學電子工程系",1,1
國立宜蘭大學,"逢甲大學應用數學系
中原大學應用數學系
東海大學應用數學系
東海大學資訊工程學系數位創意組
淡江大學物理學系應用物理組",0,0
臺中市立惠文高中,"逢甲大學應用數學系
靜宜大學觀光事業學系",1,1
國立臺中二中,"逢甲大學應用數學系
逢甲大學統計學系
靜宜大學財務與計算數學系計算數學組
靜宜大學統計資訊學系
嶺東科技大學財務金融系",1,0
私立明德高中,"逢甲大學應用數學系
靜宜大學會計學系
靜宜大學財務金融學系
亞洲大學會計與資訊學系管理應用組
亞洲大學財務金融學系金融科技組
亞洲大學財經法律學系財經法律組",1,1
國立竹北高中,"逢甲大學應用數學系
東海大學應用數學系
淡江大學數學學系數學組",1,1
高雄市立中山高中,"逢甲大學應用數學系
靜宜大學財務金融學系",1,1
國立員林高中,"逢甲大學應用數學系
逢甲大學水利工程與資源保育學系",1,1
國立清水高中,"逢甲大學應用數學系
銘傳大學生物科技學系(桃園校區)
國立聯合大學能源工程學系
明志科技大學化學工程系",0,0
國立華僑高中,"逢甲大學應用數學系
東吳大學數學系
東吳大學化學系
東海大學應用數學系
輔仁大學數學系應用數學組
國立勤益科技大學化工與材料工程系
明志科技大學化學工程系
致理科技大學國際貿易系",0,0
國立屏東大學民生校區,"逢甲大學應用數學系
靜宜大學應用化學系
靜宜大學資訊傳播工程學系
義守大學材料科學與工程學系
朝陽科技大學營建工程系
龍華科技大學工業管理系
明新科技大學工業工程與管理系",1,1
國立台中一中,"逢甲大學應用數學系
中原大學應用數學系
逢甲大學統計學系",0,0
國立中壢高商,"逢甲大學應用數學系
東吳大學數學系
東海大學應用數學系
逢甲大學資訊電機學院不分系榮譽班",0,0
桃園市立武陵高中,"逢甲大學應用數學系
中原大學應用數學系
淡江大學數學學系數學組
中華大學應用日語學系觀光組",1,1
靜宜大學,"逢甲大學應用數學系
東海大學應用物理學系
東海大學應用數學系
靜宜大學財務與計算數學系計算數學組
靜宜大學應用化學系
朝陽科技大學應用化學系
環球科技大學生物技術系",0,0
國立彰化師範大學,"逢甲大學應用數學系
中原大學應用數學系
中國文化大學經濟學系",0,0
臺中市立臺中二中,"逢甲大學應用數學系
東海大學統計學系(大數據與資料科學組)
東海大學統計學系(大數據與決策管理組)
國立東華大學應用數學系統計科學組
國立臺東大學應用數學系
亞洲大學資訊傳播學系影視媒體組
朝陽科技大學工業工程與管理系",0,0
國立中興高中,"逢甲大學應用數學系
東海大學應用數學系
東海大學環境科學與工程學系
淡江大學數學學系數學組",1,1
新竹市立建功高中,"逢甲大學應用數學系
東吳大學數學系
東海大學應用數學系
東海大學統計學系(社會組)
靜宜大學財務與計算數學系計算數學組",0,0
國立嘉義女中,"逢甲大學應用數學系
東海大學化學工程與材料工程學系(生化工程組)
東海大學經濟學系一般經濟組
逢甲大學經濟學系
逢甲大學資訊電機學院不分系榮譽班
南臺科技大學化學工程與材料工程系",1,1
新竹市立建功高中,"逢甲大學應用數學系
逢甲大學纖維與複合材料學系",1,1
國立清水高中,"逢甲大學應用數學系
逢甲大學統計學系
靜宜大學財務與計算數學系計算數學組
靜宜大學財務與計算數學系財務工程組
靜宜大學統計資訊學系
弘光科技大學資訊管理系",1,0
國立台中二中,"逢甲大學應用數學系
逢甲大學財務金融學系
靜宜大學財務與計算數學系財務工程組-類繁星",1,1
國立鳳新高中,"逢甲大學應用數學系
東海大學應用數學系
逢甲大學統計學系
國立臺中教育大學數學教育學系
國立臺東大學數學系
國立高雄海洋科技大學漁業生產與管理系",0,0
國立新竹女中,"逢甲大學應用數學系
淡江大學數學學系數學組
逢甲大學統計學系
國立聯合大學環境與安全衛生工程學系
國立聯合大學能源工程學系",0,0
國立彰化師範大學,"逢甲大學應用數學系
靜宜大學企業管理學系
朝陽科技大學資訊管理系
嶺東科技大學國際企業系",1,1
國立台中女中,"逢甲大學應用數學系
中原大學電子工程學系
中原大學電機工程學系",0,0
國立虎尾高中,"逢甲大學應用數學系
中原大學應用數學系
淡江大學數學學系數學組
輔仁大學數學系應用數學組",0,0
國立員林高中,"逢甲大學應用數學系
中原大學應用數學系
中國文化大學資訊工程學系
朝陽科技大學資訊工程系",1,1
國立虎尾高中,"逢甲大學應用數學系
逢甲大學統計學系商業大數據組
逢甲大學水利工程與資源保育學系",1,0
私立海星高中,"逢甲大學應用數學系
東海大學統計學系(社會組)
東海大學經濟學系產業經濟組
淡江大學數學學系數學組
銘傳大學財務金融學系財務金融組(台北校區)",0,0
臺中市立臺中一中,"逢甲大學應用數學系
靜宜大學財務與計算數學系計算數學組
靜宜大學會計學系
亞洲大學會計與資訊學系管理應用組
國立聯合大學臺灣語文與傳播學系",1,1
國立員林崇實高工,"逢甲大學應用數學系
逢甲大學光電學系",1,0
國立竹北高中,"逢甲大學應用數學系
中原大學物理學系物理組
逢甲大學光電學系",1,1
國立高雄師範大學,逢甲大學應用數學系,1,1
國立新竹高中,"逢甲大學應用數學系
中原大學應用數學系
中原大學工業與系統工程學系工程組",0,0
國立嘉義女中,"逢甲大學應用數學系
逢甲大學水利工程與資源保育學系
靜宜大學國際企業學系
靜宜大學財務金融學系
亞洲大學經營管理學系企業創新管理組
亞洲大學財務金融學系金融科技組
朝陽科技大學資訊管理系資訊管理組",0,0
國立臺中一中,"逢甲大學應用數學系
東海大學統計學系(自然組)
靜宜大學財務與計算數學系計算數學組",1,1
台北市立成淵高中,"逢甲大學應用數學系
玄奘大學宗教學系
國立聯合大學環境與安全衛生工程學系",0,0
私立道明高中,"逢甲大學應用數學系
逢甲大學工業工程與系統管理學系
靜宜大學財務與計算數學系財務工程組
靜宜大學資訊傳播工程學系(遊戲設計組)
國立臺東大學資訊管理學系
義守大學電子工程學系
正修科技大學電子工程系綠能科技應用組
崑山科技大學材料工程系
南臺科技大學電機工程系控制與晶片組",0,0
國立彰化師範大學,"逢甲大學應用數學系
中原大學應用數學系
東海大學應用數學系
淡江大學數學學系數學組",1,1
國立中興大學附中,"逢甲大學應用數學系
東海大學統計學系(大數據與資料科學組)
逢甲大學風險管理與保險學系",1,1
國立嘉義高中,"逢甲大學應用數學系
中原大學應用數學系
中原大學化學系化學組
中原大學化學系材料化學組
東海大學應用數學系",0,0
高雄市立高雄高中,"逢甲大學應用數學系
中原大學應用數學系
國立屏東大學應用數學系",0,0
高雄市立左營高中,"逢甲大學應用數學系
淡江大學統計學系
靜宜大學資訊工程學系
世新大學資訊管理學系資訊科技組
朝陽科技大學資訊管理系資訊管理組
明新科技大學資訊工程系
致理科技大學資訊管理系",0,0
國立臺中文華高中,逢甲大學應用數學系,1,1
國立中興高中,"逢甲大學應用數學系
中原大學應用數學系
中原大學機械工程學系
中原大學工業與系統工程學系工程組
逢甲大學纖維與複合材料學系
逢甲大學環境工程與科學學系",0,0
靜宜大學,"逢甲大學應用數學系
國立臺中教育大學數學教育學系
國立東華大學應用數學系數學科學組
國立屏東大學應用數學系
國立聯合大學資訊工程學系",0,0
國立屏東女中,"逢甲大學應用數學系
東海大學統計學系(決策管理組)
靜宜大學財務金融學系
長榮大學財務金融學系
中華醫事科技大學護理系
美和科技大學護理系
長庚科技大學護理系(林口校區)",1,1
國立文華高中,"逢甲大學應用數學系
東吳大學數學系
東海大學應用數學系
輔仁大學數學系應用數學組",1,1
國立彰化師大附屬高工,"逢甲大學應用數學系
東吳大學數學系
東海大學應用數學系
輔仁大學數學系純數學組
輔仁大學數學系應用數學組",1,1
國立斗六高中,"逢甲大學應用數學系
中原大學應用數學系
東海大學應用數學系
東海大學統計學系(大數據與資料科學組)
逢甲大學統計學系",1,1
臺北市立大同高中,"逢甲大學應用數學系
靜宜大學財務與計算數學系計算數學組
銘傳大學應用統計與資料科學學系(桃園校區)",1,1
國立臺灣師範大學,"逢甲大學應用數學系
中國文化大學應用數學系
中國文化大學經濟學系
中國文化大學財務金融學系財務金融組
世新大學經濟學系",0,0
高雄市立高雄高中,"逢甲大學應用數學系
中原大學應用數學系
明志科技大學材料工程系",1,1
國立員林高中,"逢甲大學應用數學系
國立聯合大學經營管理學系",0,0
國立新營高中,"逢甲大學應用數學系
淡江大學統計學系
靜宜大學財務與計算數學系計算數學組
亞洲大學經營管理學系行銷管理組",1,1
私立道明高中,"逢甲大學應用數學系
中原大學應用數學系
朝陽科技大學營建工程系
健行科技大學土木工程系
高苑科技大學土木工程系工程技術組",1,1
臺中市立臺中二中,"逢甲大學應用數學系
靜宜大學財務金融學系",1,1
臺中市立惠文高中,"逢甲大學應用數學系
東海大學應用數學系",1,1
國立員林高中,"逢甲大學應用數學系
靜宜大學化粧品科學系-類繁星
義守大學醫務管理學系
義守大學國際觀光餐旅學系(國際學院)",0,0
國立員林崇實高工,"逢甲大學應用數學系
東海大學應用數學系
東海大學統計學系(社會組)
逢甲大學財稅學系
逢甲大學統計學系
逢甲大學都市計畫與空間資訊學系空間資訊組",0,0
國立鳳新高中,"逢甲大學應用數學系
東吳大學數學系
中國文化大學電機工程學系
義守大學電機工程學系
義守大學財務與計算數學系
朝陽科技大學營建工程系
正修科技大學電機工程系電機與控制組
正修科技大學電子工程系綠能科技應用組
遠東科技大學電機工程系",1,1
國立新營高中,"逢甲大學應用數學系
中原大學應用數學系
國立臺南大學應用數學系
國立臺東大學應用數學系
國立嘉義大學應用數學系",0,0
臺中市立惠文高中,"逢甲大學應用數學系
東海大學資訊工程學系數位創意組
東海大學資訊工程學系軟體工程組
逢甲大學資訊工程學系
國立臺中教育大學數學教育學系
國立勤益科技大學冷凍空調與能源系
國立勤益科技大學資訊工程系",1,0
臺北市立松山高中,"逢甲大學應用數學系
世新大學資訊管理學系資訊管理組",1,1
國立新營高中,"逢甲大學應用數學系
中原大學應用數學系
東海大學應用數學系
國立屏東大學應用數學系",0,0
國立臺中女中,"逢甲大學應用數學系
國立暨南國際大學資訊管理學系
國立暨南國際大學土木工程學系
修平科技大學機械工程系
國立勤益科技大學資訊工程系
國立澎湖科技大學資訊工程系
國立屏東科技大學水土保持系",0,0
逢甲大學,"逢甲大學應用數學系
逢甲大學自動控制工程學系",1,0
高雄市立中山高中,"逢甲大學應用數學系
國立臺東大學文化資源與休閒產業學系",1,1
國立臺中文華高中,"逢甲大學應用數學系
東海大學經濟學系一般經濟組
逢甲大學工業工程與系統管理學系
靜宜大學財務金融學系",1,1
桃園市立桃園高中,"逢甲大學應用數學系
東吳大學財務工程與精算數學系
東海大學應用數學系
逢甲大學統計學系大數據分析與市場決策組
銘傳大學新媒體暨傳播管理學系(臺北校區)
世新大學傳播管理學系",1,1
國立新營高中,"逢甲大學應用數學系
中原大學應用數學系
淡江大學數學學系資料科學與數理統計組
實踐大學資訊模擬與設計學系(高雄校區)
實踐大學服飾設計與經營學系(高雄校區)
實踐大學時尚設計學系(高雄校區)
南臺科技大學創新產品設計系
台南應用科技大學服飾設計管理系",0,0
私立光隆家商,"逢甲大學應用數學系
逢甲大學纖維與複合材料學系
逢甲大學水利工程與資源保育學系",1,0
國立臺南一中,"逢甲大學應用數學系
南臺科技大學生物科技系",1,1
臺中市立臺中一中,"逢甲大學應用數學系
亞洲大學資訊工程學系數位內容與遊戲設計組",1,1
國立家齊女中,"逢甲大學應用數學系
國立臺東大學應用數學系",1,1
國立新營高中,"逢甲大學應用數學系
靜宜大學財務與計算數學系計算數學組
靜宜大學財務與計算數學系財務工程組
靜宜大學財務金融學系
義守大學機械與自動化工程學系",1,1
國立苗栗高中,"逢甲大學應用數學系
中原大學應用數學系
東海大學應用數學系
中國文化大學應用數學系",0,0
國立鳳新高中,逢甲大學應用數學系,1,1
國立台南二中,"逢甲大學應用數學系
國立台東大學數學系",1,1
私立長榮高中,"逢甲大學應用數學系
逢甲大學環境工程與科學學系
逢甲大學土木工程學系
南臺科技大學化學工程與材料工程系",1,1
靜宜大學,"逢甲大學應用數學系
銘傳大學經濟與金融學系(桃園校區)
世新大學財務金融學系
世新大學經濟學系",0,0
私立道明高中,"逢甲大學應用數學系
逢甲大學統計學系
逢甲大學水利工程與資源保育學系
逢甲大學土地管理學系",1,0
國立彰化師大附屬高工,"逢甲大學應用數學系
中原大學應用數學系
東海大學應用數學系
輔仁大學數學系應用數學組
元智大學資訊工程學系
國立嘉義大學應用數學系
國立雲林科技大學工業工程與管理系
國立虎尾科技大學機械與電腦輔助工程系",0,0
國立宜蘭大學,"逢甲大學應用數學系
逢甲大學統計學系商業大數據組
逢甲大學統計學系大數據分析與市場決策組
銘傳大學電子工程學系計算機應用組(桃園校區)
長庚科技大學護理系(嘉義校區)",1,1
國立台南一中,"逢甲大學應用數學系
東海大學環境科學與工程學系
逢甲大學電子工程學系
逢甲大學通訊工程學系
長榮大學資訊管理學系
國立屏東科技大學車輛工程系
國立虎尾科技大學車輛工程系
南台科技大學電機工程系控制與晶片組
南台科技大學多媒體與電腦娛樂科學系",1,0
私立弘文高中,"逢甲大學應用數學系
中原大學應用數學系",1,1
逢甲大學,"逢甲大學應用數學系
逢甲大學經濟學系
靜宜大學資訊管理學系-類繁星",1,1
新北市立新莊高中,"逢甲大學應用數學系
中原大學應用數學系",1,1
私立弘文高中,"逢甲大學應用數學系
中原大學應用數學系",1,1
私立明德女中,"逢甲大學應用數學系
東海大學化學工程與材料工程學系
逢甲大學化學工程學系
逢甲大學電子工程學系
國立聯合大學材料科學工程學系
國立聯合大學光電工程學系",1,0
臺北市立百齡高中,逢甲大學應用數學系,1,1
國立員林高中,逢甲大學應用數學系,1,1
私立明德女中,"逢甲大學應用數學系
逢甲大學機械與電腦輔助工程學系
逢甲大學電子工程學系
逢甲大學通訊工程學系",1,0
國立家齊女中,"逢甲大學應用數學系
逢甲大學水利工程與資源保育學系
銘傳大學資訊工程學系(桃園校區)",1,0
私立長榮高中,"逢甲大學應用數學系
東海大學應用數學系
長榮大學會計資訊學系
長榮大學資訊工程學系
崑山科技大學資訊管理系",0,0
私立長榮高中,"逢甲大學應用數學系
中原大學工業與系統工程學系工程組
逢甲大學纖維與複合材料學系
逢甲大學工業工程與系統管理學系
朝陽科技大學工業工程與管理系
南臺科技大學化學工程與材料工程系
明志科技大學材料工程系",1,0
國立虎尾高中,"逢甲大學應用數學系
東海大學應用數學系
逢甲大學工業工程與系統管理學系",1,0
私立道明高中,"逢甲大學應用數學系
東海大學統計學系(決策管理組)
淡江大學統計學系
逢甲大學統計學系大數據分析與市場決策組
靜宜大學財務金融學系-一般組
國立高雄科技大學漁業生產與管理系(楠梓校區)
朝陽科技大學工業工程與管理系
南臺科技大學電機工程系控制與晶片組
崑山科技大學休閒遊憩與運動管理系",1,0
國立高雄師範大學,"逢甲大學應用數學系
東海大學應用數學系
中國文化大學應用數學系
中國文化大學經濟學系
中國文化大學資訊傳播學系",0,0
臺中市立臺中一中,"逢甲大學應用數學系
東海大學應用數學系
淡江大學數學學系數學組
靜宜大學財務與計算數學系財務工程組
亞洲大學資訊工程學系數位內容組
國立勤益科技大學資訊工程系
朝陽科技大學資訊工程系",1,1
臺北市立?湖高中,"逢甲大學應用數學系
東吳大學數學系
中原大學應用數學系
淡江大學資訊工程學系
輔仁大學數學系應用數學組",0,0
國立中央大學附屬中壢高中,"逢甲大學應用數學系
中國文化大學機械工程學系
銘傳大學經濟與金融學系(桃園校區)
銘傳大學資訊工程學系(桃園校區)",1,1
國立臺灣海洋大學,"逢甲大學應用數學系
中原大學應用數學系
東海大學應用數學系
銘傳大學資訊工程學系(桃園校區)",0,0
私立弘文高中,"逢甲大學應用數學系
中原大學應用數學系
東海大學應用數學系
淡江大學數學學系數學組",0,0
國立中興高中,逢甲大學應用數學系,1,1
高雄市立高雄高中,"逢甲大學應用數學系
逢甲大學機械與電腦輔助工程學系
逢甲大學工業工程與系統管理學系
逢甲大學航太與系統工程學系
靜宜大學資訊工程學系
義守大學資訊工程學系",1,1
國立彰化師大附工,"逢甲大學應用數學系
淡江大學數學學系數學組
淡江大學資訊工程學系
逢甲大學資訊工程學系",0,0
國立新營高中,"逢甲大學應用數學系
中原大學應用數學系
東海大學應用數學系
逢甲大學統計學系",1,1
國立竹北高中,"逢甲大學應用數學系
東海大學工業工程與經營資訊學系
元智大學工業工程與管理學系",0,0
靜宜大學,"逢甲大學應用數學系
靜宜大學企業管理學系-類繁星
靜宜大學會計學系
靜宜大學會計學系-類繁星
大葉大學環境工程學系
亞洲大學財務金融學系投資理財組
朝陽科技大學環境工程與管理系
中臺科技大學兒童教育暨事業經營系
育達科技大學休閒運動管理系
中州科技大學資訊管理系
中州科技大學餐旅事業管理系",0,0
國立員林崇實高工,"逢甲大學應用數學系
東海大學財務金融學系
逢甲大學財務金融學系
長庚大學工商管理學系",0,0
私立道明高中,"逢甲大學應用數學系
淡江大學數學學系資料科學與數理統計組
逢甲大學企業管理學系
國立東華大學應用數學系統計科學組
國立屏東大學應用數學系",1,0
國立中壢高商,"逢甲大學應用數學系
國立臺東大學數學系",1,1
高雄市立中山高中,"逢甲大學應用數學系
淡江大學水資源及環境工程學系環境工程組
中國文化大學電機工程學系
元智大學工程學院英語學士學位學程",0,0
國立臺南二中,"逢甲大學應用數學系
逢甲大學統計學系
逢甲大學土木工程學系",1,1
國立新竹女中,"逢甲大學應用數學系
逢甲大學統計學系
靜宜大學統計資訊學系
靜宜大學會計學系
朝陽科技大學應用化學系生化科技組
中國科技大學行銷與流通管理系(新竹校區)
遠東科技大學餐飲管理系
元培醫事科技大學護理系",0,0
靜宜大學,"逢甲大學應用數學系
逢甲大學材料科學與工程學系
逢甲大學光電科學與工程學系
輔仁大學數學系資訊數學組
國立臺南大學應用數學系
元智大學電機工程學系(丙組)",0,0
國立嘉義女中,"逢甲大學應用數學系
中國文化大學土地資源學系
靜宜大學財務金融學系
中華醫事科技大學護理系",1,1
靜宜大學,"逢甲大學應用數學系
東海大學統計學系(自然組)
淡江大學數學學系資料科學與數理統計組",1,1
國立臺南二中,"逢甲大學應用數學系
東海大學應用數學系
東海大學統計學系(決策管理組)
大同大學電機工程學系
南臺科技大學工業管理與資訊系工業管理組",1,1
桃園市立平鎮高中,"逢甲大學應用數學系
淡江大學數學學系數學組
中國文化大學資訊工程學系",1,1
國立苗栗高中,"逢甲大學應用數學系
中原大學應用數學系
靜宜大學資訊工程學系
中華大學資訊工程學系軟體工程及設計組
國立勤益科技大學資訊工程系",0,0
國立員林高中,"逢甲大學應用數學系
淡江大學統計學系
逢甲大學資訊工程學系",1,1
國立虎尾高中,"逢甲大學應用數學系
逢甲大學化學工程學系
國立虎尾科技大學自動化工程系",1,1
國立嘉義女中,"逢甲大學應用數學系
東海大學統計學系(自然組)
東海大學統計學系(社會組)",0,0
國立嘉義高中,"逢甲大學應用數學系
東海大學應用數學系
東海大學社會工作學系
亞洲大學社會工作學系家庭與社工心理雙專業組
嘉南藥理大學保健營養系
長庚科技大學護理系(林口校區)",0,0
國立員林家商,"逢甲大學應用數學系
東吳大學數學系
中原大學應用數學系
淡江大學數學學系數學組",0,0
私立復旦高中,"逢甲大學應用數學系
中原大學應用數學系
東海大學應用數學系
逢甲大學資訊工程學系",1,0
臺中市立臺中二中,逢甲大學應用數學系,1,1
國立臺東高中,"逢甲大學應用數學系
中原大學應用數學系
淡江大學數學學系資料科學與數理統計組
靜宜大學財務與計算數學系計算數學組",1,1
國立虎尾高中,"逢甲大學應用數學系
東海大學統計學系(決策管理組)
靜宜大學會計學系-一般組
國立臺南大學應用數學系
國立屏東大學應用數學系",0,0
國立員林高中,"逢甲大學應用數學系
東吳大學財務工程與精算數學系
輔仁大學統計資訊學系
元智大學資訊工程學系
國立暨南國際大學財務金融學系
國立高雄應用科技大學模具工程系
國立虎尾科技大學生物科技系",0,0
私立弘文高中,"逢甲大學應用數學系
東海大學應用數學系
東海大學財務金融學系
逢甲大學財務金融學系
逢甲大學財務工程與精算學士學位學程
朝陽科技大學財務金融系
明新科技大學財務金融系智慧理財組
德明財經科技大學財務金融系不動產金融與投資管理組",1,0
國立嘉義女中,"逢甲大學應用數學系
靜宜大學資訊管理學系
義守大學生物醫學工程學系
長榮大學大眾傳播學系
輔英科技大學護理系
中臺科技大學護理系
中華醫事科技大學食品營養系營養組",1,1
國立新竹高中,"逢甲大學應用數學系
中原大學應用數學系
中原大學物理學系光電與材料科學組
中原大學電子工程學系
逢甲大學電子工程學系",0,0
國立陽明高中,"逢甲大學應用數學系
銘傳大學國際企業學系(台北校區)",0,0
私立弘文高中,"逢甲大學應用數學系
中原大學應用數學系
靜宜大學資訊管理學系
靜宜大學資訊工程學系
大同大學電機工程學系電子與通訊組",0,0
私立復旦高中,"逢甲大學應用數學系
東吳大學數學系
中原大學應用數學系
淡江大學數學學系資料科學與數理統計組
國立東華大學應用數學系統計科學組",0,0
國立新營高中,"逢甲大學應用數學系
逢甲大學風險管理與保險學系
大同大學電機工程學系電子與通訊組
義守大學企業管理學系企業經營組",1,1
國立臺中文華高中,"逢甲大學應用數學系
東海大學經濟學系一般經濟組
逢甲大學統計學系",0,0
桃園市立陽明高中,逢甲大學應用數學系,1,1
臺中市立惠文高中,"逢甲大學應用數學系
逢甲大學統計學系
靜宜大學企業管理學系
靜宜大學會計學系
靜宜大學資訊管理學系",1,0
國立陽明高中,"逢甲大學應用數學系
中原大學應用數學系",0,0
臺中市立臺中二中,"逢甲大學應用數學系
亞洲大學光電與通訊學系光電綠能組
亞洲大學會計與資訊學系財稅應用組",1,1
國立臺中女中,"逢甲大學應用數學系
逢甲大學企業管理學系
逢甲大學通訊工程學系",1,0
高雄市立中山高中,"逢甲大學應用數學系
逢甲大學纖維與複合材料學系
義守大學電機工程學系
義守大學電子工程學系",0,0
臺中市立清水高中,"逢甲大學應用數學系
中原大學應用數學系
大同大學化學工程學系
世新大學資訊管理學系資訊管理組",0,0
私立海星高中,"逢甲大學應用數學系
中原大學土木工程學系
淡江大學統計學系
逢甲大學財務金融學系
國立屏東大學應用數學系
國立勤益科技大學工業工程與管理系",0,0
私立明德高中,"逢甲大學應用數學系
國立高雄大學應用數學系",0,0
國立草屯商工,"逢甲大學應用數學系
東海大學應用物理學系材料及奈米科技組
逢甲大學光電學系",1,0
靜宜大學,"逢甲大學應用數學系
中原大學應用數學系
世新大學經濟學系
實踐大學金融管理學系(高雄校區)
朝陽科技大學營建工程系
弘光科技大學環境與安全衛生工程系環境工程組
明志科技大學環境與安全衛生工程系",1,1
臺中市立臺中一中,"逢甲大學應用數學系
逢甲大學機械與電腦輔助工程學系
逢甲大學工業工程與系統管理學系
逢甲大學資訊工程學系",1,0
國立高雄師範大學,"逢甲大學應用數學系
國立屏東大學應用數學系
義守大學財務與計算數學系",0,0
桃園市立平鎮高中,"逢甲大學應用數學系
中原大學應用數學系
靜宜大學資訊管理學系
朝陽科技大學資訊與通訊系
南臺科技大學多媒體與電腦娛樂科學系
明新科技大學資訊管理系
德明財經科技大學資訊管理系",1,1
新北市立永平高中,"逢甲大學應用數學系
靜宜大學財務與計算數學系財務工程組",1,1
高雄市立中山高中,"逢甲大學應用數學系
中原大學應用數學系
靜宜大學財務與計算數學系計算數學組-類繁星
義守大學財務與計算數學系
銘傳大學經濟與金融學系(桃園校區)",1,1
國立臺南一中,"逢甲大學應用數學系
中原大學應用數學系
東海大學應用數學系
東海大學統計學系(自然組)
逢甲大學資訊工程學系
逢甲大學電子工程學系",0,0
臺中市立臺中二中,"逢甲大學應用數學系
逢甲大學工業工程與系統管理學系",1,1
國立員林崇實高工,"逢甲大學應用數學系
逢甲大學統計學系
國立臺東大學應用數學系",1,1
國立彰化師範大學,"逢甲大學應用數學系
中原大學應用數學系
中國文化大學應用數學系
靜宜大學財務與計算數學系計算數學組
義守大學財務與計算數學系
國立勤益科技大學資訊工程系
朝陽科技大學資訊工程系
南臺科技大學電機工程系控制與晶片組
龍華科技大學電機工程系
臺北城市科技大學資訊工程系",1,1
國立台南一中,"逢甲大學應用數學系
東海大學應用數學系
東海大學工業工程與經營資訊學系
東海大學環境科學與工程學系
靜宜大學財務與計算數學系財務工程組
國立雲林科技大學工業工程與管理系
南台科技大學電機工程系控制與晶片組
嘉南藥理科技大學化妝品應用與管理系
台南應用科技大學室內設計系",0,0
新竹市立建功高中,"逢甲大學應用數學系
逢甲大學財務工程與精算學士學位學程
長榮大學醫藥科學產業學系藥物科技組
明志科技大學化學工程系
長庚科技大學護理系(嘉義校區)",1,1
私立弘文高中,"逢甲大學應用數學系
東海大學統計學系(巨量資料管理組)
東海大學統計學系(決策管理組)
逢甲大學統計學系商業大數據組
逢甲大學統計學系大數據分析與市場決策組
逢甲大學財務工程與精算學士學位學程",1,0
臺中市立惠文高中,"逢甲大學應用數學系
逢甲大學財務工程與精算學士學位學程
朝陽科技大學工業工程與管理系
建國科技大學電機工程系
建國科技大學電子工程系
南開科技大學電機與資訊技術系",1,1
臺中市立清水高中,逢甲大學應用數學系,1,1
高雄市立中山高中,"逢甲大學應用數學系
國立屏東大學應用物理系物理組
國立臺東大學應用數學系
國立臺東大學應用科學系應用物理組
義守大學電機工程學系
國立聯合大學化學工程學系
國立高雄海洋科技大學輪機工程系
輔英科技大學護理系
輔英科技大學生物科技系
正修科技大學電機工程系電機與控制組
高苑科技大學電子工程系航空電子組",0,0
國立臺南二中,"逢甲大學應用數學系
義守大學資訊管理學系",1,1
國立台灣師大附中,"逢甲大學應用數學系
逢甲大學工業工程與系統管理學系
逢甲大學土木工程學系",1,1
國立桃園高中,"逢甲大學應用數學系
淡江大學數學學系數學組",0,0
私立長榮高中,"逢甲大學應用數學系
中原大學應用數學系
中原大學物理學系物理組",0,0
國立臺灣師大附中,"逢甲大學應用數學系
中原大學物理學系光電與材料科學組
中原大學化學工程學系綠能製程組
東海大學工業工程與經營資訊學系
逢甲大學工業工程與系統管理學系
逢甲大學通訊工程學系",0,0
國立中央大學附屬中壢高中,"逢甲大學應用數學系
東海大學應用數學系
中國文化大學動物科學系
義守大學財務與計算數學系",0,0
私立海星高中,"逢甲大學應用數學系
東海大學化學工程與材料工程學系
中國文化大學機械工程學系
中國文化大學資訊工程學系",0,0
國立臺中二中,"逢甲大學應用數學系
東吳大學數學系
逢甲大學電子工程學系
逢甲大學電機工程學系
逢甲大學自動控制工程學系",1,0
國立斗六高中,"逢甲大學應用數學系
東海大學應用數學系
輔仁大學數學系應用數學組
國立臺南大學應用數學系
國立嘉義大學應用數學系
弘光科技大學護理系
長庚科技大學護理系(嘉義校區)",1,1
臺中市立惠文高中,"逢甲大學應用數學系
東海大學應用數學系
逢甲大學會計學系
逢甲大學經濟學系
靜宜大學財務金融學系
國立高雄應用科技大學化學工程與材料工程系
朝陽科技大學應用化學系",1,0
國立中興大學附中,"逢甲大學應用數學系
中原大學應用數學系
東海大學應用物理學系
東海大學應用數學系",0,0
高雄市立高雄高中,"逢甲大學應用數學系
義守大學企業管理學系
銘傳大學資訊管理學系(桃園校區)
亞洲大學視光學系
南臺科技大學多媒體與電腦娛樂科學系",0,0
私立弘文高中,"逢甲大學應用數學系
逢甲大學光電科學與工程學系",1,0
臺中市立臺中二中,"逢甲大學應用數學系
中原大學應用數學系
東海大學統計學系(決策管理組)
靜宜大學財務金融學系
亞洲大學社會工作學系醫務與長期照顧社會工作組
亞洲大學幼兒教育學系幼兒師資組
朝陽科技大學工業設計系",0,0
國立中興高中,"逢甲大學應用數學系
淡江大學保險學系",1,1
臺北市立建國高中,"逢甲大學應用數學系
中國文化大學應用數學系
銘傳大學風險管理與保險學系(台北校區)
長榮大學健康心理學系",0,0
私立弘文高中,"逢甲大學應用數學系
逢甲大學水利工程與資源保育學系
靜宜大學資料科學暨大數據分析與應用學系-一般組
靜宜大學資訊工程學系-一般組",1,1
高雄市立中山高中,"逢甲大學應用數學系
逢甲大學水利工程與資源保育學系",1,1
新北市立新莊國中,"逢甲大學應用數學系
東海大學統計學系(決策管理組)
淡江大學風險管理與保險學系
淡江大學統計學系
銘傳大學風險管理與保險學系風險管理組(臺北校區)",0,0
國立基隆女中,"逢甲大學應用數學系
中原大學應用數學系
中原大學物理學系物理組
銘傳大學資訊工程學系(桃園校區)",0,0
私立明德中學,"逢甲大學應用數學系
逢甲大學財稅學系
逢甲大學財務金融學系",1,0
臺北市立華江高中,"逢甲大學應用數學系
中原大學應用數學系
東海大學統計學系(自然組)
淡江大學統計學系",0,0
高雄市立高雄高中,"逢甲大學應用數學系
東海大學哲學系
國立東華大學課程設計與潛能開發學系
義守大學企業管理學系",0,0
國立虎尾高中,逢甲大學應用數學系,1,1
國立嘉義高中,"逢甲大學應用數學系
逢甲大學統計學系
逢甲大學自動控制工程學系",1,1
國立武陵高中,"逢甲大學應用數學系
靜宜大學應用化學系
國立屏東大學應用數學系
國立臺東大學應用數學系
銘傳大學生物科技學系(桃園校區)",0,0
臺北市立大安高工,"逢甲大學應用數學系
中原大學應用數學系
逢甲大學中國文學系
靜宜大學台灣文學系",1,0
新北市立三民高中,逢甲大學應用數學系,1,1
國立家齊高中,"逢甲大學應用數學系
銘傳大學應用英語學系(桃園校區)
南臺科技大學財務金融系",1,1
私立明德高中,"逢甲大學應用數學系
東海大學應用數學系
逢甲大學航太與系統工程學系
逢甲大學材料科學與工程學系
逢甲大學土木工程學系
國立勤益科技大學冷凍空調與能源系",1,0
國立彰化師大附屬高工,"逢甲大學應用數學系
中原大學應用數學系
銘傳大學生物醫學工程學系(桃園校區)",1,1
國立嘉義高中,逢甲大學應用數學系,1,1
國立武陵高中,"逢甲大學應用數學系
逢甲大學工業工程與系統管理學系",1,1
私立復旦高中,"逢甲大學應用數學系
東吳大學數學系
中原大學應用數學系
淡江大學統計學系
淡江大學數學學系資料科學與數理統計組
靜宜大學財務與計算數學系財務工程組",0,0
國立雲林科技大學,"逢甲大學應用數學系
實踐大學國際貿易學系(高雄校區)",1,1
國立屏東女中,"逢甲大學應用數學系
淡江大學統計學系
中國文化大學應用數學系",0,0
國立苗栗高中,"逢甲大學應用數學系
逢甲大學材料科學與工程學系
逢甲大學光電學系
逢甲大學通訊工程學系
靜宜大學財務與計算數學系財務工程組",1,0
國立臺南二中,"逢甲大學應用數學系
中原大學應用數學系
逢甲大學光電學系
國立臺東大學應用數學系
銘傳大學經濟與金融學系(桃園校區)",1,1
國立虎尾高中,"逢甲大學應用數學系
靜宜大學財務與計算數學系計算數學組
靜宜大學財務與計算數學系財務工程組
靜宜大學統計資訊學系",0,0
私立明德女中,"逢甲大學應用數學系
東海大學應用數學系
逢甲大學精密系統設計學士學位學程
靜宜大學財務與計算數學系財務工程組
靜宜大學資訊管理學系",1,0
國立斗六高中,"逢甲大學應用數學系
中原大學應用數學系",1,1
臺中市立臺中二中,"逢甲大學應用數學系
逢甲大學纖維與複合材料學系
國立臺灣體育運動大學體育學系(運動專長組)
國立嘉義大學體育與健康休閒學系",1,1
國立新營高中,"逢甲大學應用數學系
逢甲大學光電學系
逢甲大學電子工程學系
逢甲大學通訊工程學系",1,0
新北市立三民高中,"逢甲大學應用數學系
東海大學統計學系(決策管理組)
世新大學經濟學系
致理科技大學商務科技管理系",0,0
私立明德高中,"逢甲大學應用數學系
東海大學統計學系(決策管理組)
靜宜大學資訊管理學系-一般組
嶺東科技大學國際企業系
嶺東科技大學財務金融系
僑光科技大學行銷與流通管理系",1,1
國立武陵高中,"逢甲大學應用數學系
淡江大學統計學系
淡江大學管理科學學系
銘傳大學財務金融學系國際金融管理組(台北校區)
銘傳大學國際企業學系外貿行銷管理組(台北校區)",0,0
國立嘉義女中,"逢甲大學應用數學系
長榮大學航運管理學系
南臺科技大學化學工程與材料工程系
龍華科技大學化工與材料工程系
大仁科技大學護理系",1,1
臺中市立臺中一中,"逢甲大學應用數學系
東海大學應用物理學系
東海大學工業工程與經營資訊學系(智慧設計與生產)
靜宜大學資訊工程學系",1,1
國立清水高中,"逢甲大學應用數學系
東海大學應用數學系
中國文化大學應用數學系
靜宜大學財務與計算數學系財務工程組
朝陽科技大學營建工程系",1,1
國立新營高中,"逢甲大學應用數學系
淡江大學水資源及環境工程學系環境工程組",1,1
國立臺中文華高中,逢甲大學應用數學系,1,1
國立中興大學附中,"逢甲大學應用數學系
逢甲大學纖維與複合材料學系
逢甲大學光電科學與工程學系
亞洲大學資訊工程學系人工智慧組
國立勤益科技大學冷凍空調與能源系",1,1
國立清水高中,"逢甲大學應用數學系
靜宜大學企業管理學系
靜宜大學資訊管理學系
靜宜大學資訊傳播工程學系
弘光科技大學資訊管理系
弘光科技大學文化創意產業系
僑光科技大學行銷與流通管理系
僑光科技大學觀光與休閒事業管理系",0,0
國立嘉義女中,"逢甲大學應用數學系
中原大學環境工程學系
逢甲大學財務工程與精算學士學位學程
元智大學光電工程學系",1,1
私立弘文高中,"逢甲大學應用數學系
東海大學哲學系
東海大學統計學系(自然組)
靜宜大學財務與計算數學系計算數學組
靜宜大學資訊傳播工程學系(遊戲設計組)
亞洲大學資訊工程學系數位內容組",1,1
私立長榮高中,"逢甲大學應用數學系
東海大學統計學系(大數據與決策管理組)
逢甲大學統計學系
義守大學國際財務金融學系(國際學院)",0,0
國立彰化師範大學,逢甲大學應用數學系,1,1
國立虎尾高中,"逢甲大學應用數學系
東海大學應用物理學系
靜宜大學應用化學系",0,0
國立台中二中,"逢甲大學應用數學系
靜宜大學財務與計算數學系計算數學組
靜宜大學資訊管理學系",1,1
私立道明高中,"逢甲大學應用數學系
逢甲大學通訊工程學系
義守大學資訊工程學系
義守大學通訊工程學系",1,1
新北市立新店高中,"逢甲大學應用數學系
逢甲大學機械與電腦輔助工程學系",1,1
國立家齊高中,"逢甲大學應用數學系
東海大學資訊工程學系數位創意組
東海大學資訊工程學系軟體工程組
東海大學資訊管理學系(物聯網與大數據應用組)
逢甲大學資訊工程學系
國立勤益科技大學資訊工程系",1,0
國立彰化師大附屬高工,"逢甲大學應用數學系
東海大學統計學系(社會組)
逢甲大學統計學系",1,0
國立中興高中,"逢甲大學應用數學系
逢甲大學統計學系",1,1
國立豐原高中,"逢甲大學應用數學系
東海大學應用數學系
輔仁大學數學系純數學組
國立台東大學數學系",1,1
國立雲林科技大學,"逢甲大學應用數學系
東海大學應用物理學系材料及奈米科技組
東海大學工業工程與經營資訊學系
亞洲大學心理學系諮商與臨床心理組
南臺科技大學化學工程與材料工程系
南臺科技大學管理與資訊系工業管理組",0,0
國立北科大附屬桃園農工,"逢甲大學應用數學系
東吳大學財務工程與精算數學系
中原大學應用數學系
東海大學應用數學系
嘉南藥理大學食品科技系",0,0
國立臺中二中,逢甲大學應用數學系,1,1
國立中興大學附屬高中,"逢甲大學應用數學系
東海大學化學系化學生物組
逢甲大學纖維與複合材料學系
逢甲大學工業工程與系統管理學系
逢甲大學統計學系
逢甲大學通訊工程學系
中臺科技大學護理系
朝陽科技大學營建工程系",1,0
高雄市立中山高中,"逢甲大學應用數學系
東海大學應用數學系
逢甲大學化學工程學系",1,1
私立長榮高中,"逢甲大學應用數學系
東海大學應用數學系
東海大學企業管理學系(綠色與永續發展組)
淡江大學數學學系數學組
靜宜大學企業管理學系
輔仁大學數學系應用數學組",0,0
國立嘉義女中,"逢甲大學應用數學系
逢甲大學統計學系商業大數據組
中國科技大學財務金融系(台北校區)
中華醫事科技大學視光系
德明財經科技大學保險金融管理系風險管理與保險組",1,0
新竹市立建功高中,"逢甲大學應用數學系
淡江大學數學學系數學組",1,1
國立嘉義高中,"逢甲大學應用數學系
中原大學生物科技學系
逢甲大學光電學系
逢甲大學通訊工程學系
朝陽科技大學工業工程與管理系",1,0
國立員林崇實高工,"逢甲大學應用數學系
中原大學應用數學系",1,1
私立明德高中,"逢甲大學應用數學系
東海大學應用數學系
逢甲大學機械與電腦輔助工程學系
逢甲大學自動控制工程學系
逢甲大學通訊工程學系",1,0
國立屏東大學民生校區,"逢甲大學應用數學系
東吳大學數學系
中國文化大學電機工程學系
中國文化大學機械工程學系
實踐大學資訊模擬與設計學系(高雄校區)",0,0
國立陽明高中,"逢甲大學應用數學系
逢甲大學纖維與複合材料學系",1,1
國立雲林科技大學,"逢甲大學應用數學系
逢甲大學光電學系",1,0
高雄市立高雄高中,"逢甲大學應用數學系
逢甲大學統計學系
逢甲大學光電學系
義守大學電子工程學系
義守大學資訊工程學系",1,1
國立員林崇實高工,"逢甲大學應用數學系
東海大學環境科學與工程學系
逢甲大學環境工程與科學學系",1,1
國立雲林科技大學,"逢甲大學應用數學系
逢甲大學通訊工程學系
逢甲大學水利工程與資源保育學系
中國文化大學光電物理學系
靜宜大學資訊管理學系",1,0
國立嘉義女中,"逢甲大學應用數學系
東海大學應用數學系
國立屏東教育大學應用數學系
國立台東大學數學系",0,0
國立鳳新高中,"逢甲大學應用數學系
靜宜大學財務與計算數學系財務工程組
實踐大學金融管理學系(高雄校區)",1,1
新竹市立建功高中,"逢甲大學應用數學系
中國文化大學應用數學系
中國文化大學資訊工程學系
靜宜大學資訊管理學系
銘傳大學應用統計與資料科學學系大數據管理組(桃園校區)
明新科技大學資訊工程系",0,0
國立中興高中,"逢甲大學應用數學系
東海大學應用數學系
東海大學統計學系(巨量資料管理組)
大同大學電機工程學系
國立臺東大學資訊工程學系",0,0
新北市立板橋高中,逢甲大學應用數學系,1,1
國立屏東女中,"逢甲大學應用數學系
東海大學應用數學系
國立屏東教育大學資訊科學系
國立屏東教育大學應用數學系",0,0
國立高雄師大附中,"逢甲大學應用數學系
靜宜大學資訊工程學系-一般組",1,1
國立陽明高中,"逢甲大學應用數學系
東海大學統計學系(大數據與決策管理組)
中國文化大學機械工程學系",0,0
國立台灣師範大學,"逢甲大學應用數學系
淡江大學土木工程學系營建企業組
淡江大學水資源及環境工程學系水資源工程組
逢甲大學都市計劃與空間資訊學系都市計劃組
輔仁大學數學系應用數學組
義守大學土木與生態工程學系
國立雲林科技大學環境與安全衛生工程系
國立虎尾科技大學光電工程系
嘉南藥理科技大學保健營養系
大仁科技大學食品科技系保健營養組",0,0
臺中市立清水高中,"逢甲大學應用數學系
逢甲大學航太與系統工程學系
國立臺中教育大學數學教育學系
國立臺北教育大學數學暨資訊教育學系數學組",0,0
私立明德高中,"逢甲大學應用數學系
中原大學應用數學系
靜宜大學財務與計算數學系計算數學組
國立臺東大學應用數學系
國立勤益科技大學資訊工程系
建國科技大學機械工程系
建國科技大學電子工程系
建國科技大學資訊管理系
修平科技大學機械工程系",0,0
臺中市立惠文高中,"逢甲大學應用數學系
東海大學統計學系(決策管理組)",1,1
國立員林高中,"逢甲大學應用數學系
逢甲大學土木工程學系",1,0
國立彰化師範大學,"逢甲大學應用數學系
中原大學應用數學系",1,1
臺北市立華江高中,"逢甲大學應用數學系
東吳大學數學系
國立東華大學應用數學系數學科學組",0,0
新竹市立建功高中,"逢甲大學應用數學系
中原大學應用數學系
東海大學統計學系(自然組)",0,0
私立弘文高中,"逢甲大學應用數學系
靜宜大學財務金融學系
靜宜大學財務金融學系-類繁星
靜宜大學資訊工程學系",0,0
國立臺灣海洋大學,"逢甲大學應用數學系
東海大學應用數學系",1,1
高雄市立中正高中,"逢甲大學應用數學系
淡江大學數學學系資料科學與數理統計組
國立屏東教育大學社會發展學系
國立屏東教育大學應用數學系
國立台東大學數學系
國立嘉義大學木質材料與設計學系
國立屏東科技大學水土保持系
朝陽科技大學工業工程與管理系
弘光科技大學食品科技系
中台科技大學食品科技系",1,1
國立澎湖科技大學,"逢甲大學應用數學系
高雄醫學大學醫學影像暨放射科學系
東海大學社會工作學系
中山醫學大學職能治療學系
國立中正大學心理學系
國立臺北大學社會工作學系",1,1
高雄市立中山高中,"逢甲大學應用數學系
國立屏東大學應用數學系",1,1
高雄市立左營高中,"逢甲大學應用數學系
義守大學應用數學系資訊科學組",1,1
國立台中二中,"逢甲大學應用數學系
東海大學經濟學系一般經濟組",0,0
桃園市立武陵高中,"逢甲大學應用數學系
中原大學應用數學系
中原大學機械工程學系
逢甲大學機械與電腦輔助工程學系
元智大學機械工程學系",0,0
逢甲大學,"逢甲大學應用數學系
逢甲大學工業工程與系統管理學系
逢甲大學航太與系統工程學系
逢甲大學統計學系
逢甲大學資訊電機學院不分系榮譽班",1,0
國立屏東女中,"逢甲大學應用數學系
中原大學應用數學系
東海大學應用數學系
靜宜大學法律學系",1,1
國立武陵高中,"逢甲大學應用數學系
中原大學應用數學系
淡江大學統計學系",0,0
臺中市立臺中一中,"逢甲大學應用數學系
逢甲大學光電科學與工程學系",1,0
高雄市立中山高中,"逢甲大學應用數學系
逢甲大學統計學系
逢甲大學水利工程與資源保育學系
靜宜大學化粧品科學系
國立屏東大學科普傳播學系
義守大學財務與計算數學系
嘉南藥理大學保健營養系
輔英科技大學健康美容系
大仁科技大學食品科技系食品技術與應用組
中臺科技大學醫療暨健康產業管理系
元培醫事科技大學醫學檢驗生物技術系",1,0
高雄市立高雄高中,"逢甲大學應用數學系
國立屏東大學應用數學系",1,1
國立竹北高中,"逢甲大學應用數學系
中原大學應用數學系
淡江大學水資源及環境工程學系環境工程組
逢甲大學統計學系商業大數據組
逢甲大學財務工程與精算學士學位學程",0,0
私立光隆家商,逢甲大學應用數學系,1,1
國立臺南二中,"逢甲大學應用數學系
東海大學環境科學與工程學系
長榮大學航運管理學系產學發展組",0,0
國立虎尾高中,"逢甲大學應用數學系
東海大學應用數學系
逢甲大學資訊電機學院不分系榮譽班
嘉南藥理大學食品科技系
朝陽科技大學資訊管理系資訊管理組
國立勤益科技大學資訊工程系",1,0
國立文華高中,"逢甲大學應用數學系
逢甲大學電子工程學系
逢甲大學自動控制工程學系
逢甲大學通訊工程學系",1,0
國立鳳新高中,"逢甲大學應用數學系
國立臺東大學應用數學系
國立勤益科技大學化工與材料工程系",0,0
私立明德女中,"逢甲大學應用數學系
靜宜大學財務與計算數學系計算數學組
靜宜大學資訊傳播工程學系
亞洲大學會計與資訊學系管理應用組
朝陽科技大學資訊管理系
弘光科技大學健康事業管理系
嶺東科技大學企業管理系
僑光科技大學行銷與流通管理系",1,1
國立屏東女中,"逢甲大學應用數學系
中原大學應用數學系
淡江大學統計學系",0,0
私立弘文高中,"逢甲大學應用數學系
靜宜大學財務與計算數學系財務工程組
銘傳大學應用統計資訊學系(桃園校區)
銘傳大學資訊工程學系(桃園校區)
亞洲大學資訊工程學系資電應用組
亞洲大學經營管理學系行銷管理組
朝陽科技大學資訊與通訊系
南臺科技大學電機工程系控制與晶片組
南臺科技大學管理與資訊系工業管理組
崑山科技大學機械工程系
僑光科技大學行銷與流通管理系",0,0
國立彰化師範大學,"逢甲大學應用數學系
靜宜大學財務金融學系-一般組
世新大學傳播管理學系
朝陽科技大學財務金融系",1,1
高雄市立中山高中,"逢甲大學應用數學系
東吳大學數學系
淡江大學數學學系數學組
國立東華大學應用數學系數學科學組
義守大學財務與計算數學系",0,0
臺北市立大同高中,"逢甲大學應用數學系
中國文化大學應用數學系",1,1
國立嘉義高中,"逢甲大學應用數學系
中國文化大學資訊工程學系
義守大學資訊工程學系
亞洲大學資訊工程學系大數據與物聯網組
國立澎湖科技大學電信工程系
朝陽科技大學資訊與通訊系
南臺科技大學電機工程系控制與晶片組
龍華科技大學資訊網路工程系
元培醫事科技大學食品科學系",1,1
國立中壢高商,"逢甲大學應用數學系
東海大學應用物理學系材料及奈米科技組
東海大學應用物理學系光電組
東海大學應用數學系",0,0
逢甲大學,"逢甲大學應用數學系
逢甲大學纖維與複合材料學系
逢甲大學水利工程與資源保育學系
靜宜大學統計資訊學系-類繁星
朝陽科技大學保險金融管理系",1,1
國立中興大學附中,"逢甲大學應用數學系
東海大學統計學系(大數據與資料科學組)",1,1
國立新竹高中,"逢甲大學應用數學系
中原大學應用數學系
東海大學應用數學系
淡江大學統計學系
國立東華大學會計學系
實踐大學會計學系(臺北校區)
元培醫事科技大學醫學檢驗生物技術系
明志科技大學材料工程系
南臺科技大學生物科技系
朝陽科技大學應用化學系生化科技組",0,0
國立虎尾高中,"逢甲大學應用數學系
東海大學應用數學系
淡江大學資訊工程學系
靜宜大學資訊工程學系
輔仁大學數學系資訊數學組",0,0
靜宜大學,"逢甲大學應用數學系
東海大學應用數學系
靜宜大學資料科學暨大數據分析與應用學系-一般組
國立澎湖科技大學電信工程系
國立澎湖科技大學資訊工程系
崑山科技大學機械工程系",1,1
國立新竹高中,"逢甲大學應用數學系
中原大學應用數學系
東海大學統計學系(大數據與資料科學組)
淡江大學統計學系",1,1
私立長榮高中,"逢甲大學應用數學系
東海大學應用數學系
淡江大學統計學系
逢甲大學統計學系商業大數據組
輔仁大學數學系應用數學組",1,1
新北市立板橋高中,"逢甲大學應用數學系
東海大學統計學系(社會組)
中國文化大學應用數學系
實踐大學金融管理學系(高雄校區)",0,0
高雄市立左營高中,"逢甲大學應用數學系
義守大學應用數學系財務分析組
義守大學財務金融學系
嘉南藥理科技大學休閒保健管理系",1,1
國立新竹女中,"逢甲大學應用數學系
東吳大學數學系
東海大學應用數學系
臺北市立大學數學系",0,0
臺南市立南新國中,"義守大學電機工程學系
義守大學機械與自動化工程學系
崑山科技大學機械工程系
明新科技大學電機工程系
遠東科技大學機械工程系
遠東科技大學電機工程系",1,1
國立臺中文華高中,"逢甲大學應用數學系
東海大學生命科學系生物醫學組
逢甲大學統計學系",1,1
國立苗栗高中,"逢甲大學應用數學系
靜宜大學統計資訊學系
銘傳大學應用統計資訊學系(桃園校區)
世新大學資訊管理學系資訊管理組",1,1
逢甲大學,"逢甲大學應用數學系
逢甲大學統計學系
靜宜大學企業管理學系
靜宜大學會計學系
靜宜大學資訊管理學系",1,1
臺中市立臺中女中,"逢甲大學應用數學系
東海大學應用數學系
逢甲大學材料科學與工程學系
逢甲大學環境工程與科學學系
逢甲大學光電科學與工程學系
國立嘉義大學應用數學系",1,1
國立虎尾高中,"逢甲大學應用數學系
逢甲大學通訊工程學系
靜宜大學資訊工程學系
南華大學資訊工程學系自然組
亞洲大學行動商務與多媒體應用學系多媒體應用組",1,0
國立嘉義高中,"逢甲大學應用數學系
中原大學應用數學系
逢甲大學資訊電機學院不分系榮譽班
逢甲大學通訊工程學系
銘傳大學資訊工程學系(桃園校區)
朝陽科技大學資訊工程系
明志科技大學電子工程系",1,0
國立苗栗高中,逢甲大學應用數學系,1,1
國立臺中二中,"逢甲大學應用數學系
東吳大學數學系
淡江大學數學學系數學組
逢甲大學光電學系
亞洲大學經營管理學系行銷管理組",1,1
國立新營高中,"逢甲大學應用數學系
長榮大學航運管理學系
南華大學建築與景觀學系(自然組)",1,1
國立臺南女中,"逢甲大學應用數學系
東海大學應用數學系
逢甲大學資訊電機學院不分系榮譽班
靜宜大學財務與計算數學系計算數學組",0,0
私立長榮高中,"逢甲大學應用數學系
靜宜大學資訊工程學系
義守大學材料科學與工程學系
長榮大學資訊工程學系互動多媒體組",1,1
私立長榮高中,"逢甲大學應用數學系
東海大學應用數學系
南臺科技大學電機工程系控制與晶片組",1,1
高雄市立高雄高中,"逢甲大學應用數學系
東海大學應用數學系
國立屏東大學電腦與智慧型機器人學士學位學程",0,0
國立高雄師大附中,"逢甲大學應用數學系
淡江大學數學學系數學組
淡江大學機械與機電工程學系精密機械組
逢甲大學航太與系統工程學系
國立勤益科技大學資訊工程系
國立高雄海洋科技大學造船及海洋工程系",0,0
臺中市立臺中一中,"逢甲大學應用數學系
東海大學統計學系(決策管理組)
朝陽科技大學工業工程與管理系",1,1
臺中市立惠文高中,"逢甲大學應用數學系
中國文化大學應用數學系
靜宜大學資料科學暨大數據分析與應用學系
朝陽科技大學工業工程與管理系
南臺科技大學工業管理與資訊系工業管理組",1,1
國立清水高中,"逢甲大學應用數學系
靜宜大學資訊工程學系(智慧電子與數位系統設計組)
靜宜大學資訊工程學系(智慧電子與數位系統設計組)-繁星類
靜宜大學資訊工程學系(網路技術與雲端運算組)
靜宜大學資訊傳播工程學系(遊戲設計組)",1,1
國立員林高中,"逢甲大學應用數學系
靜宜大學應用化學系
國立臺東大學應用科學系化學及奈米科學組
國立臺東大學應用科學系應用物理組",1,1
臺中市立臺中女中,"逢甲大學應用數學系
淡江大學數學學系數學組
大同大學資訊工程學系",0,0
高雄市立高雄女中,"逢甲大學應用數學系
逢甲大學統計學系大數據分析與市場決策組
逢甲大學通訊工程學系
大同大學機械工程學系電子機械組
大同大學資訊工程學系
長庚大學資訊管理學系
明志科技大學化學工程系",1,1
國立屏東教育大學,"逢甲大學應用數學系
國立臺東大學數學系",1,1
國立臺中文華高中,"逢甲大學應用數學系
中原大學應用數學系
大葉大學藥用植物與保健學系(中藥保健組)
大葉大學藥用植物與保健學系(藥粧經絡組)
輔英科技大學護理系
元培醫事科技大學護理系
中華醫事科技大學護理系
長庚科技大學護理系(嘉義校區)",1,1
國立中央大學附屬中壢高中,逢甲大學應用數學系,1,1
桃園市立陽明高中,"逢甲大學應用數學系
銘傳大學電子工程學系計算機應用組(桃園校區)",1,1
國立台中二中,"逢甲大學應用數學系
逢甲大學財稅學系
逢甲大學經濟學系
靜宜大學財務與計算數學系財務工程組",1,1
國立嘉義女中,"逢甲大學應用數學系
中原大學應用數學系
中原大學工業與系統工程學系工程組
大葉大學空間設計學系(室內設計組)
亞洲大學室內設計學系商業空間組
亞洲大學室內設計學系住宅空間組
樹德科技大學室內設計系
高苑科技大學建築系室內設計組
中華科技大學建築系室內設計組(台北校區)",0,0
臺中市立臺中一中,"逢甲大學應用數學系
東吳大學財務工程與精算數學系
淡江大學機械與機電工程學系精密機械組
逢甲大學材料科學與工程學系
輔仁大學數學系應用數學組",0,0
臺北市立?湖高中,"逢甲大學應用數學系
東吳大學數學系
淡江大學數學學系資料科學與數理統計組
國立東華大學應用數學系統計科學組",0,0
國立臺南女中,"逢甲大學應用數學系
東吳大學財務工程與精算數學系
東海大學應用數學系
淡江大學數學學系資料科學與數理統計組",0,0
國立竹北高中,"逢甲大學應用數學系
中國文化大學應用數學系
國立臺東大學應用數學系",1,1
新北市立新北高中,"逢甲大學應用數學系
大葉大學空間設計學系(建築組)
昆山科技大學空間設計系
中國科技大學建築系(台北校區)",1,1
靜宜大學,"逢甲大學應用數學系
逢甲大學環境工程與科學學系
逢甲大學水利工程與資源保育學系",1,0
國立鳳新高中,"逢甲大學應用數學系
國立屏東教育大學應用數學系",0,0
臺中市立清水高中,"逢甲大學應用數學系
逢甲大學纖維與複合材料學系
逢甲大學經濟學系
靜宜大學財務金融學系",1,0
國立新竹高中,"逢甲大學應用數學系
中原大學電子工程學系
淡江大學數學學系數學組
輔仁大學數學系資訊數學組",0,0
新竹市立建功高中,"逢甲大學應用數學系
淡江大學保險學系
逢甲大學統計學系",1,0
國立苗栗高中,"逢甲大學應用數學系
東吳大學數學系
中原大學應用數學系
淡江大學數學學系數學組
朝陽科技大學應用化學系",0,0
國立員林崇實高工,"逢甲大學應用數學系
東海大學化學系化學生物組",1,1
臺中市立臺中一中,"逢甲大學應用數學系
逢甲大學財務工程與精算學士學位學程
靜宜大學會計學系
亞洲大學財務金融學系投資理財組",1,0
國立新營高中,"逢甲大學應用數學系
中原大學應用數學系
東海大學應用數學系
國立屏東大學應用數學系",0,0
臺北市立?湖高中,"逢甲大學應用數學系
淡江大學數學學系數學組
中國文化大學應用數學系",0,0
國立屏東女中,"逢甲大學應用數學系
東海大學應用數學系
東海大學會計學系
逢甲大學財務工程與精算學士學位學程",1,0
國立臺南一中,"逢甲大學應用數學系
義守大學通訊工程學系",1,1
國立虎尾高中,"逢甲大學應用數學系
中原大學應用數學系
東海大學化學工程與材料工程學系
義守大學化學工程學系
南臺科技大學化學工程與材料工程系",0,0
國立臺灣海洋大學,"逢甲大學應用數學系
東海大學應用數學系
中國文化大學應用數學系
靜宜大學財務與計算數學系財務工程組",0,0
國立華僑高中,"逢甲大學應用數學系
東海大學應用數學系
逢甲大學資訊電機學院不分系榮譽班
中國文化大學資訊工程學系
靜宜大學資訊工程學系",1,1
私立育達高中,"逢甲大學應用數學系
中原大學應用數學系
淡江大學數學學系數學組
逢甲大學資訊工程學系
輔仁大學數學系應用數學組",0,0
國立新營高中,逢甲大學應用數學系,1,1
國立中興大學附屬高中,"逢甲大學應用數學系
東海大學統計學系(社會組)
淡江大學統計學系",0,0
國立竹北高中,"逢甲大學應用數學系
逢甲大學資訊電機學院學士班
國立聯合大學能源工程學系",1,1
國立金門大學,"逢甲大學應用數學系
中原大學應用數學系
靜宜大學財務與計算數學系財務工程組
國立臺東大學應用數學系
銘傳大學應用統計資訊學系(桃園校區)",0,0
國立嘉義女中,"逢甲大學應用數學系
中原大學物理學系物理組",1,1
國立陽明高中,,1,1
臺中市立臺中文華高中,"逢甲大學應用數學系
銘傳大學資訊工程學系(桃園校區)",1,1
新北市立錦和高中,"逢甲大學應用數學系
中原大學應用數學系
中原大學企業管理學系高科技業管理組
東海大學統計學系(決策管理組)
淡江大學統計學系",0,0
臺中市立清水高中,"逢甲大學應用數學系
國立高雄師範大學數學系應用數學組
國立臺南大學應用數學系
國立屏東大學應用數學系
國立嘉義大學應用數學系",0,0
國立中央大學附屬中壢高中,"逢甲大學應用數學系
中原大學應用數學系
東海大學應用數學系",0,0
國立新竹女中,"逢甲大學應用數學系
中原大學應用數學系
中原大學生物醫學工程學系",0,0
國立中興大學附屬高中,"逢甲大學應用數學系
東海大學應用數學系
國立臺中教育大學數學教育學系
國立東華大學應用數學系數學科學組
國立臺東大學應用數學系",0,0
新北市立新莊高中,"逢甲大學應用數學系
中原大學應用數學系",0,0
臺中市立惠文高中,"逢甲大學應用數學系
淡江大學數學學系資料科學與數理統計組
國立勤益科技大學冷凍空調與能源系",1,1
私立長榮高中,"逢甲大學應用數學系
逢甲大學經濟學系",1,1
國立陽明高中,"逢甲大學應用數學系
東海大學統計學系(大數據與決策管理組)
逢甲大學統計學系",1,0
國立彰化師範大學,"逢甲大學應用數學系
東吳大學數學系
東海大學應用數學系
東海大學統計學系(決策管理組)",1,1
私立道明高中,"逢甲大學應用數學系
中原大學物理學系物理組
東海大學應用物理學系
國立臺東大學資訊工程學系
國立澎湖科技大學電信工程系
朝陽科技大學建築系室內設計組
南臺科技大學電機工程系控制與晶片組",0,0
國立台中二中,"逢甲大學應用數學系
東海大學應用數學系
東海大學電機工程學系IC設計與無線通訊組
輔仁大學數學系應用數學組
國立聯合大學機械工程學系
國立高雄應用科技大學資訊工程系",0,0
國立新竹女中,"逢甲大學應用數學系
東吳大學數學系
東海大學應用數學系
淡江大學數學學系數學組",0,0
國立彰化師範大學,逢甲大學應用數學系,1,1
國立虎尾高中,"逢甲大學應用數學系
中原大學應用數學系
東海大學統計學系(自然組)
淡江大學數學學系數學組
國立臺東大學應用數學系
國立勤益科技大學資訊工程系",0,0
國立台中女中,"逢甲大學應用數學系
東海大學化學工程與材料工程學系
逢甲大學工業工程與系統管理學系
逢甲大學材料科學與工程學系
輔仁大學數學系純數學組",1,1
國立清水高中,"逢甲大學應用數學系
中原大學應用數學系
逢甲大學電子工程學系
逢甲大學電機工程學系",0,0
私立長榮高中,"逢甲大學應用數學系
東海大學應用數學系
國立臺東大學應用科學系化學及奈米科學組
長榮大學資訊管理學系手機軟體設計組
長榮大學數位內容設計學系遊戲與APP應用組
國立澎湖科技大學電信工程系
南臺科技大學電機工程系控制與晶片組
崑山科技大學機械工程系
嘉南藥理大學環境工程與科學系
高苑科技大學電子工程系",0,0
國立台中一中,"逢甲大學應用數學系
逢甲大學纖維與複合材料學系
靜宜大學資訊傳播工程學系",0,0
國立斗六高中,"逢甲大學應用數學系
大同大學電機工程學系",0,0
私立四維高中,"逢甲大學應用數學系
東海大學應用數學系
逢甲大學資訊電機學院不分系榮譽班
靜宜大學資訊工程學系
亞洲大學資訊工程學系資電應用組",1,1
高雄市立左營高中,"逢甲大學應用數學系
逢甲大學統計學系
靜宜大學財務與計算數學系計算數學組-類繁星
靜宜大學會計學系-類繁星",1,1
國立台中女中,"逢甲大學應用數學系
東海大學應用物理學系光電組
東海大學應用數學系
逢甲大學電子工程學系",1,1
私立明德高中,"逢甲大學應用數學系
淡江大學數學學系數學組
國立嘉義大學體育與健康休閒學系
國立聯合大學電子工程學系",0,0
國立華僑高中,"逢甲大學應用數學系
中原大學應用數學系
淡江大學統計學系
逢甲大學統計學系",0,0
私立明德中學,"逢甲大學應用數學系
靜宜大學財務與計算數學系計算數學組
大同大學機械工程學系精密機械組
銘傳大學電腦與通訊工程學系(桃園校區)",1,1
國立中央大學附屬中壢高中,"逢甲大學應用數學系
東吳大學數學系
中原大學應用數學系
淡江大學數學學系資料科學與數理統計組
逢甲大學統計學系
逢甲大學財務工程與精算學士學位學程",1,1
國立桃園農工,"逢甲大學應用數學系
國立臺東大學應用數學系",1,1
國立中興高中,"逢甲大學應用數學系
中原大學應用數學系
東海大學化學工程與材料工程學系",0,0
國立文華高中,"逢甲大學應用數學系
靜宜大學統計資訊學系-類繁星
弘光科技大學環境與安全衛生工程系環境工程組
中台科技大學環境與安全衛生工程系",1,1
新北市立新莊國中,"逢甲大學應用數學系
中原大學應用數學系
元培醫事科技大學生物科技暨製藥技術系",1,1
臺中市立文華高中,"逢甲大學應用數學系
東吳大學數學系
中原大學應用數學系",1,1
靜宜大學,"逢甲大學應用數學系
靜宜大學統計資訊學系
長榮大學健康心理學系
南華大學企業管理學系經營管理組",0,0
私立道明高中,"逢甲大學應用數學系
義守大學電機工程學系
義守大學創意商品設計學系
亞洲大學心理學系諮商與臨床心理組
亞洲大學創意商品設計學系流行精品設計組
朝陽科技大學建築系建築組
中國科技大學室內設計系(新竹校區)",0,0
新北市立錦和高中,逢甲大學應用數學系,1,1
私立長榮高中,"逢甲大學應用數學系
逢甲大學統計學系
中國文化大學應用數學系
靜宜大學會計學系
實踐大學國際貿易學系(高雄校區)
實踐大學國際企業管理學系(高雄校區)",0,0
國立臺中一中,"逢甲大學應用數學系
東吳大學數學系
中原大學應用數學系
淡江大學數學學系數學組
輔仁大學數學系純數學組",0,0
國立臺中二中,"逢甲大學應用數學系
東海大學統計學系(社會組)
中國文化大學會計學系
靜宜大學資訊傳播工程學系(遊戲設計組)
台南應用科技大學旅館管理系",1,1
私立復旦高中,"逢甲大學應用數學系
大葉大學會計資訊學系(會計管理組)
銘傳大學會計學系會計審計組(臺北校區)
亞洲大學會計與資訊學系管理應用組
亞洲大學財務金融學系金融科技組",0,0
國立新竹高中,逢甲大學應用數學系,1,1
國立新營高中,"逢甲大學應用數學系
靜宜大學財務與計算數學系計算數學組
國立臺東大學應用數學系",1,1
國立苗栗高中,"逢甲大學應用數學系
東海大學統計學系(決策管理組)",1,1
私立明德中學,"逢甲大學應用數學系
靜宜大學財務與計算數學系計算數學組
國立臺東大學應用數學系",1,1
國立中興大學附中,"逢甲大學應用數學系
中原大學應用數學系
國立東華大學應用數學系數學科學組
長榮大學消防安全學士學位學程消防防災技術組
長榮大學無人機應用學士學位學程飛行系統應用組
南臺科技大學電機工程系控制與晶片組
萬能科技大學航空光機電系航空機械組
中華科技大學航空機械系(新竹校區)
中華科技大學航空電子系(新竹校區)",0,0
國立台中一中,"逢甲大學應用數學系
靜宜大學企業管理學系
靜宜大學觀光事業學系",0,0
國立宜蘭大學,"逢甲大學應用數學系
國立臺東大學資訊工程學系",1,1
臺北市立百齡高中,"逢甲大學應用數學系
東吳大學數學系
淡江大學數學學系數學組
中國文化大學電機工程學系
國立東華大學應用數學系數學科學組
義守大學電機工程學系",0,0
國立彰化師範大學,"逢甲大學應用數學系
東海大學應用數學系
逢甲大學纖維與複合材料學系",1,1
新北市立三民高中,"逢甲大學應用數學系
靜宜大學財務工程學系-類繁星
銘傳大學應用統計與資料科學學系大數據管理組(桃園校區)",0,0
高雄市立中山高中,"逢甲大學應用數學系
逢甲大學水利工程與資源保育學系",1,1
私立長榮高中,"逢甲大學應用數學系
東海大學統計學系(自然組)
逢甲大學統計學系
國立屏東大學應用數學系",0,0
國立新竹女中,"逢甲大學應用數學系
中原大學應用數學系
國立臺灣海洋大學商船學系",0,0
臺中市立臺中二中,"逢甲大學應用數學系
東海大學化學工程與材料工程學系(材料工程組)
逢甲大學化學工程學系
逢甲大學材料科學與工程學系
國立臺中教育大學數學教育學系
國立嘉義大學應用數學系
國立勤益科技大學化工與材料工程系",0,0
國立中興高中,"逢甲大學應用數學系
國立屏東大學應用數學系
國立屏東大學資訊科學系
國立聯合大學能源工程學系
國立聯合大學光電工程學系",1,1
國立臺中一中,"逢甲大學應用數學系
中原大學應用數學系
東海大學應用數學系
逢甲大學統計學系
逢甲大學資訊電機學院不分系榮譽班",0,0
國立臺灣師範大學,"逢甲大學應用數學系
淡江大學數學學系數學組
輔仁大學數學系純數學組",1,1
國立中壢高商,"逢甲大學應用數學系
中原大學應用數學系
東海大學化學系化學生物組",0,0
臺南市立南新國中,"逢甲大學應用數學系
逢甲大學工業工程與系統管理學系
中國文化大學機械工程學系
義守大學機械與自動化工程學系",1,0
臺中市立臺中一中,"逢甲大學應用數學系
中原大學應用數學系
元智大學資訊傳播學系科技組
銘傳大學資訊工程學系(桃園校區)",0,0
台北市立成淵高中,"逢甲大學應用數學系
東海大學統計學系(自然組)
世新大學經濟學系",1,1
靜宜大學,"逢甲大學應用數學系
中原大學應用數學系
東海大學生命科學系生態暨生物多樣性組
東海大學應用數學系",0,0
國立家齊女中,"逢甲大學應用數學系
逢甲大學機械與電腦輔助工程學系
逢甲大學通訊工程學系",1,0
私立長榮高中,"逢甲大學應用數學系
逢甲大學都市計畫與空間資訊學系都市計畫組
逢甲大學都市計畫與空間資訊學系空間資訊組
國立臺東大學數學系",1,0
國立屏東女中,"逢甲大學應用數學系
逢甲大學財務工程與精算學士學位學程
國立臺東大學應用數學系",0,0
國立宜蘭大學,"逢甲大學應用數學系
靜宜大學財務與計算數學系財務工程組
銘傳大學經濟與金融學系(桃園校區)
銘傳大學應用中國文學系(桃園校區)
銘傳大學社會與安全管理學系(桃園校區)",0,0
國立桃園高中,"逢甲大學應用數學系
中原大學應用數學系
東海大學統計學系(自然組)
輔仁大學數學系應用數學組
國立東華大學應用數學系數學科學組
國立東華大學應用數學系統計科學組",0,0
